Dataset_Name,Samples
aio,"[{'original_question': 'JRのICカードで、「Suica」のマスコットキャラクターはペンギンですが、「ICOCA」のマスコットキャラクターはどんな動物でしょう？', 'original_answer': 'カモノハシ'}]"
aio,"[{'original_question': '日本のホラー映画で、貞子が登場するのは『リング』ですが、伽椰子(かやこ)が登場するのは何でしょう？', 'original_answer': '『呪怨』'}]"
aio,"[{'original_question': '国政選挙などで、その土地に全くゆかりの無い候補者のことを俗に「何候補」というでしょう？', 'original_answer': '落下傘（らっかさん）候補'}]"
aio,"[{'original_question': '「古代エジプト学の父」とされるフランスの考古学者で、ロゼッタストーンの碑文からヒエログリフの解読に成功したのは誰でしょう？', 'original_answer': 'ジャン=フランソワ・シャンポリオン［Jean-Francois Champollion］'}]"
aio,"[{'original_question': '赤レンガ倉庫、山下公園、中華街、ランドマークタワーといえば、どこの都市の観光地でしょう？', 'original_answer': '横浜'}]"
alt_jp,"[{'text': '保守党のリーダー・スティーヴン・ハーパーが彼の党が支持すると言ったので、主要な予算案、C-４３に関する第二読会投票の結果はそれほど劇的ではなかった。', 'value': '(S (S (SBAR (S (PP-SBJ (NP (NP (PP (BASENP (NNP 保守党)) (IN の)) (NN リーダー)) (COMMA ・) (BASENP (NNP スティーヴン) (NNP ・) (NNP ハーパー))) (IN が)) (VP (SBAR (S-NOBJ (PP-SBJ (NP (PP (BASENP (NN 彼)) (IN の)) (NN 党)) (IN が)) (VP (NN 支持) (VB する))) (INQT と)) (VP (VBV 言っ) (VP (MD た))))) (INCON ので)) (COMMA 、) (S (PP-SBJ (NP (PP (NP (PP (NP (BASENP (ADJP (NN 主要) (MDO な)) (NN 予算) (NN 案)) (COMMA 、) (BASENP (NN Ｃ) (NN －) (NN ４３))) (INPH に関する)) (BASENP (PRE 第) (NN 二) (NN 読会) (NN 投票))) (IN の)) (NN 結果)) (IN は)) (ADJP (ADVP (RB それほど)) (ADJP (NN 劇的) (VP (VP (MDV で) (IN は)) (VP (MDV なかっ) (VP (MD た)))))))) (PERIOD 。))'}]"
alt_jp,"[{'text': 'ニュージーランド政府は、首相のヘレン・クラーク氏に送られた、口蹄疫がワイヘキ島に意図的に伝播されたと主張する手紙への対応を迫られた。', 'value': '(S (S (PP-SBJ (BASENP (NNP ニュージーランド) (NNP 政府)) (IN は)) (COMMA 、) (VP (PP-OBJ (NP (PP (PP (NP (S-REL-NSBJ (VP (PP (NP (PP (BASENP (NN 首相)) (IN の)) (BASENP (NNP ヘレン) (NNP ・) (NNP クラーク) (NN 氏))) (IN に)) (VP (VP (VBO 送ら) (VP (VBV れ))) (VP (MD た))))) (COMMA 、) (NP (S-REL-NSBJ (VP (SBAR (S (PP-SBJ (BASENP (NN 口蹄疫)) (IN が)) (VP (PP (BASENP (NNP ワイヘキ) (NNP 島)) (IN に)) (VP (ADVP (ADJP (NN 意図) (NN 的)) (INRB に)) (VP (VP (VP (NN 伝播) (VBO さ)) (VP (VBV れ))) (VP (MD た)))))) (INQT と)) (VP (NN 主張) (VB する)))) (NN 手紙))) (IN へ)) (IN の)) (NN 対応)) (IN を)) (VP (VP (VBO 迫ら) (VP (VBV れ))) (VP (MD た))))) (PERIOD 。))'}]"
alt_jp,"[{'text': '近隣住人による苦情を受け、動物管理局員は女性が亡くなった時、急いで犬を探した。', 'value': '(S (S (SINV (VP (PP-OBJ (NP (PP (BASENP (NN 近隣) (NN 住人)) (INPH による)) (NN 苦情)) (IN を)) (VBV 受け)) (COMMA 、) (PP-SBJ (BASENP (NNP 動物) (NNP 管理) (NNP 局) (NN 員)) (IN は))) (S (SBAR (S (PP-SBJ (BASENP (NN 女性)) (IN が)) (VP (VBV 亡くなっ) (VP (MD た)))) (NN 時)) (COMMA 、) (S-NSBJ (VP (ADVP (VBV 急い) (INCON で)) (VP (PP-OBJ (BASENP (NN 犬)) (IN を)) (VP (VBV 探し) (VP (MD た)))))))) (PERIOD 。))'}]"
alt_jp,"[{'text': 'アンティグアで休日中に妻と共に撃たれたイギリス人のベンジャミン・Mullanyが死亡した。', 'value': '(S (S (PP-SBJ (NP (S-REL (PP (BASENP (NNP アンティグア)) (IN で)) (S (PP (BASENP (NN 休日) (NN 中)) (IN に)) (S (PP (BASENP (NN 妻)) (INPH と共に)) (S-NSBJ (VP (VP (VBO 撃た) (VP (VBV れ))) (VP (MD た))))))) (NP (PP (BASENP (NNP イギリス) (NN 人)) (IN の)) (BASENP (NNP ベンジャミン) (NNP ・) (NNP Ｍｕｌｌａｎｙ)))) (IN が)) (VP (VP (NN 死亡) (VBV し)) (VP (MD た)))) (PERIOD 。))'}]"
alt_jp,"[{'text': '彼はたった8メートル（26.2フィート）の距離から、オランダのゴールキーパー、マールテン・ステケレンブルフのわきにボールをなんとか通した。', 'value': '(S (S (PP-SBJ (BASENP (NN 彼)) (IN は)) (VP (PP (NP (PP (NP (BASENP (QP (RB たった) (NN ８)) (NN メートル)) (PRN (LRB （) (BASENP (NN ２６．２) (NN フィート)) (RRB ）))) (IN の)) (NN 距離)) (IN から)) (COMMA 、) (VP (PP (NP (PP (NP (NP (PP (BASENP (NNP オランダ)) (IN の)) (NN ゴールキーパー)) (COMMA 、) (BASENP (NNP マールテン) (NNP ・) (NNP ステケレンブルフ))) (IN の)) (NN わき)) (IN に)) (VP (PP-OBJ (BASENP (NN ボール)) (IN を)) (VP (ADVP (RB なんとか)) (VP (VBV 通し) (VP (MD た)))))))) (PERIOD 。))'}]"
aozorabunko,"[{'title': '作家山本人間有三', 'text': '「作は人なり」といふ言葉は、言ひ古された言葉だが、これは正面から解釈をすると当らぬ場合がある。作品の一つ一つを取つてみても、ある作家の作品全体についてみても、この人にしてこの作ありとは、聊か意外だと思ふやうなことがある。それはつまり、ある作家は、自分のうちに「有る」ものを直接に現はさず、自分の心に「映る」ものを、好んで表面に出さうとするからである。その「映り」方や「出し」方に、その作家の「人」が浮び出ると云へば云へるのだが、さういふ種類の作家は、往々、好んで、自分のうちに「無い」ものを求めて、これに興味をもつものであるから、作品の姿や、調子からでは、その「人」の姿や調子は掴み出せないのが骨である。前者が「生み出す作家」だとすれば、後者は「作り出す作家」であると云へよう。さて、わが山本有三は、極めて例外的な作家で、この二つの傾向を、創作の二つの過程に取り入れ、「生みながら作り出す」非凡な事業に成功してゐるのである。彼の作品が、厳粛で、壮年的で、渋味を貴ぶにも拘はらず、誰にも興味をもたれるだけの普遍性があり、誰をも感動させる熱と力とがあり、従つて、今日、「最も勢望ある作家」の一人となつた所以は、しかし、たゞ、そこにあるのではない。彼は、その作品に、彼自身のあらゆる美徳――日本人が、古来、最も愛して来た美徳の数々を盛つてゐる。彼の作品に、一つの顕著な風貌を与へるとすれば、それは、恐らく、「頼母しさ」であらう。われわれの歴史は、実に、この一語に、あらゆる道徳的陶酔の秘密を託して来た。私が、彼の戯曲の悉くにいまいましくも涙をしぼらされ、「何故に泣いたか」を考へてみると、それら戯曲中の人物が、あまりにも「頼母しすぎる」からだと云ひきれるのだ。だが、こんなことばかり云つてゐてはならぬ。私は、彼の戯曲家としての才能――日本近代劇山脈の高峰として、彼の傑作が、如何なる美学的特色をもつて現はれたかを語らなければならないが、残念ながら、紙数に制限がある。彼の劇的作品は、手法の上からみて、二種類に分けることができる。第一は、所謂伝統的ドラマツルギイの定石を踏んだストリンドベリイ的作品、第二は、新しい戯曲美の要素から成り立つチェーホフ的作品である。「嬰児殺し」「同志の人々」「坂崎出羽守」等は前者に属し、「女中の病気」「海彦山彦」「西郷と大久保」等は後者に属してゐる。そして不思議なことには、この分類は、必ずしもその制作年代の順を追つてゐないことだ。この事実は、彼の芸術的霊感が、徒らに理論と時流に左右されず、常に独自の面目を発揮してゐる証拠である。最後に、彼の小説「波」が、この集に加へられたことをよろこばなければならぬ。なぜなら、この一作によつて、大劇作家山本有三は、忽如として、大小説家たる一面を示し、わが文学史に、貴重な頁を増すこととなつたからである。戯曲に於て、人間有三の眼ざしを感じ得なかつた読者観客は、この小説で、明かに、鮮やかに、その「頼母しき」作者の心に触れ得るだらう。そして、その「心」は、諸君に、「人生の光」を与へるだらう。', 'class': '評論、エッセイ、随筆', 'all_class': '評論、エッセイ、随筆 - 小説、物語 - 詩歌 - 日記、書簡、紀行'}]"
aozorabunko,"[{'title': '世界的文化の母胎', 'text': 'この度大政翼賛会文化部長就任の交渉を受諾致しました。この部の仕事についてはまだ具体的に研究はしてゐませんが、何れ各方面の方々とお打合せをした上で職務上の責任の範囲を心得たいと思つて居ります。私は元来政治といふものに余り興味を持たなかつたのでありますが、それは狭い意味における政治でありまして、大政翼賛と言ふ名に於ける広い意味の政治が最も厳粛な形で今新しく国民全体の心をふるひたたしめてゐる時、私もまた国民の一人として、周囲の状勢が命ずる所に赴くことを大きな光栄と感じる次第であります。文化といふ問題について、之もごく広い意味に私は解釈したいと存じます。今日まで比較的閑却せられてゐたこの種の政策が、国防国家建設の体制の中に取入れられたことを私は決して偶然だとは信じません。国家総動員の一重要資材たる国民の精神力は、文化の健全な基礎の上でなければ旺盛な発揮をみることは出来ないのであります。元より文化問題を取扱ふ上に於て平時との相違は大いにあります。つまり国防国家の求める文化統制は平時に於ては是とされる一部の傾向を排撃し、抑制しなければなりません。しかし乍ら一方我々は新しい秩序をもたらす指導民族としての重大な役割を自ら負うてゐるのでありまして、所謂非常時局は国家千万年の生命に比べて、これは一つの限られた瞬間であります。この期間に醸成される国民文化の特質がその後に来るべき時代のために禍となるやうなものであつてはなりません。我々が子孫に残す文化的遺産が非常時以外に通用しないやうなもの、国民生活を低く貧しくするやうなものであつては由々しいことであります。現代日本の文化創造はそれ自体として、他の諸民族の上に長く光被して、真に世界的文化の母胎となると言ふことが理想だと信じます。この意味に於て今日の文化政策が、周到な用意を以て考へられ、国民の思想と日常生活の上に明確な指標と実行力を与へうるやう私はそれ／″＼の方面に働きかける心算であります。国民各自はこの領域に限つて乏しきを忍ぶ必要はありません。伸びるだけ伸び、得られるだけを得ればよいのです。豊かな喜びが、ここでは国民の意気と力強さを示し得るのであります。', 'class': '評論、エッセイ、随筆', 'all_class': '評論、エッセイ、随筆 - 小説、物語 - 詩歌 - 日記、書簡、紀行'}]"
aozorabunko,"[{'title': '今年発表の作品', 'text': '「Ｆ村での春」「西瓜喰ふ人」「鱗雲」「山を越えて」「昔の歌留多」「藪のほとり」「雪景色」以上七篇、生活の上ではかなり努力したつもりだが斯うして題名をかぞへて見ると大変に空虚を感じる。', 'class': '評論、エッセイ、随筆', 'all_class': '評論、エッセイ、随筆 - 小説、物語 - 詩歌 - 日記、書簡、紀行'}]"
aozorabunko,"[{'title': '「風知草」創作メモ', 'text': '重吉ひろ子富井行雄伸一健吉小枝永田弁護士村上さん（鈴）清瀬さん（近）┌───────┐│山代弁護士││上野駅│吉岡（佐）│事務所│└───────┘十三日十四日電報海よ早くしずまれ。〔欄外に〕┌───────────────┐│あらゆるものごしの初々しさ││一直線│└───────────────┘┌─────────┐│目白の家｜物干し│巣鴨の夏）└─────────┘自立会畑の中の家赤旗一号への感情電気溶接学校ときいてゆくアカハタ編輯局あのベンチ経歴書を出すかい？（前後）〔欄外に〕ニュース一人かえって来る重吉の姿┌あの二階大会┤のびかかった髪の毛└二百人の人でぎっしり', 'class': '評論、エッセイ、随筆', 'all_class': '評論、エッセイ、随筆 - 小説、物語 - 詩歌 - 日記、書簡、紀行'}]"
aozorabunko,"[{'title': '「洋装か和装か」への回答', 'text': '日本服も洋服も、本ものなら負けず劣らず美しいからすきです。自分がきるのでは、現在の自己の環境のために和装一方です。〔一九二五年一月〕', 'class': '評論、エッセイ、随筆', 'all_class': '評論、エッセイ、随筆 - 小説、物語 - 詩歌 - 日記、書簡、紀行'}]"
conceptnet5,"[{'rel': 'PartOf', 'arg1': 'スクリュー', 'arg2': '船', 'all_rels': 'SymbolOf, MadeOf, UsedFor, SimilarTo, EtymologicallyRelatedTo, FormOf, DefinedAs, HasPrerequisite, Synonym, CapableOf, HasSubevent, HasContext, MannerOf, PartOf, HasLastSubevent, CausesDesire, DerivedFrom, Causes, HasFirstSubevent, RelatedTo, Desires, HasProperty, IsA, HasA, NotDesires, AtLocation, DistinctFrom, InstanceOf, MotivatedByGoal, EtymologicallyDerivedFrom, Antonym, ExternalURL'}]"
conceptnet5,"[{'rel': 'AtLocation', 'arg1': '飴玉', 'arg2': '卓上', 'all_rels': 'SymbolOf, MadeOf, UsedFor, SimilarTo, EtymologicallyRelatedTo, FormOf, DefinedAs, HasPrerequisite, Synonym, CapableOf, HasSubevent, HasContext, MannerOf, PartOf, HasLastSubevent, CausesDesire, DerivedFrom, Causes, HasFirstSubevent, RelatedTo, Desires, HasProperty, IsA, HasA, NotDesires, AtLocation, DistinctFrom, InstanceOf, MotivatedByGoal, EtymologicallyDerivedFrom, Antonym, ExternalURL'}]"
conceptnet5,"[{'rel': 'ExternalURL', 'arg1': '牡丹江市', 'arg2': 'http:', 'all_rels': 'SymbolOf, MadeOf, UsedFor, SimilarTo, EtymologicallyRelatedTo, FormOf, DefinedAs, HasPrerequisite, Synonym, CapableOf, HasSubevent, HasContext, MannerOf, PartOf, HasLastSubevent, CausesDesire, DerivedFrom, Causes, HasFirstSubevent, RelatedTo, Desires, HasProperty, IsA, HasA, NotDesires, AtLocation, DistinctFrom, InstanceOf, MotivatedByGoal, EtymologicallyDerivedFrom, Antonym, ExternalURL'}]"
conceptnet5,"[{'rel': 'ExternalURL', 'arg1': '聖骸布', 'arg2': 'http:', 'all_rels': 'SymbolOf, MadeOf, UsedFor, SimilarTo, EtymologicallyRelatedTo, FormOf, DefinedAs, HasPrerequisite, Synonym, CapableOf, HasSubevent, HasContext, MannerOf, PartOf, HasLastSubevent, CausesDesire, DerivedFrom, Causes, HasFirstSubevent, RelatedTo, Desires, HasProperty, IsA, HasA, NotDesires, AtLocation, DistinctFrom, InstanceOf, MotivatedByGoal, EtymologicallyDerivedFrom, Antonym, ExternalURL'}]"
conceptnet5,"[{'rel': 'IsA', 'arg1': '住人', 'arg2': '医師', 'all_rels': 'SymbolOf, MadeOf, UsedFor, SimilarTo, EtymologicallyRelatedTo, FormOf, DefinedAs, HasPrerequisite, Synonym, CapableOf, HasSubevent, HasContext, MannerOf, PartOf, HasLastSubevent, CausesDesire, DerivedFrom, Causes, HasFirstSubevent, RelatedTo, Desires, HasProperty, IsA, HasA, NotDesires, AtLocation, DistinctFrom, InstanceOf, MotivatedByGoal, EtymologicallyDerivedFrom, Antonym, ExternalURL'}]"
copa,"[{'premise': 'スタジアムで国歌が演奏された。', 'answer1': 'ファンは旗に目を向けた。', 'answer2': 'ファンはグラウンドに殺到した。', 'label': 1}]"
copa,"[{'premise': '雨が降り始めた。', 'answer1': '運転手はヘッドライトを点灯した。', 'answer2': '運転手は車のギアを後進に入れた。', 'label': 1}]"
copa,"[{'premise': 'ティーンエイジャーは[彼の](ティーンエイジャーの)父親より背が高くなった。', 'answer1': '[彼](ティーンエイジャー)は急激に成長した。', 'answer2': '[彼](ティーンエイジャー)はバスケットボール・チームに加わった。', 'label': 1}]"
copa,"[{'premise': '男性が医者に診てもらいに行った。', 'answer1': '医者は休暇中であった。', 'answer2': '男性は体調が優れなかった。', 'label': 2}]"
copa,"[{'premise': '投げ矢が標的を外れた。', 'answer1': '男性の狙いは外れた。', 'answer2': '男性は試合に負けていた。', 'label': 1}]"
flan2022,"[{'inputs': 'You are given a sentence in Japanese. Your job is to translate the Japanese sentence into Hebrew.\n--------\nQuestion: 自転車基盤のイノベーションはこんなにあります噴霧器自転車や道の衝撃でエネルギーを蓄える自転車\n\nAnswer: ותראו את כל המגוון הזה של המצאות מבוססות אופניים: אופניים שהם מרסס, אופניים שמחוללים אנרגיה מהזעזועים בדרכים.\n\n\nQuestion: そこは「常に危険な底辺校」と分類されていましたテストのスコアが低く武器やドラッグの持ち込み暴行、逮捕事件が多いのです\n\nAnswer: הוא תויג כ ״ בעל רמת השגיות נמוכה ומסוכן בעקביות ״ הודות לרמת הציונים הנמוכה שלו ומספר גבוה של כלי נשק, סמים, תקיפות ומעצרים.\n\n\nQuestion: 将来的にこうした試みがマッシュアップされたら一体何ができるか ？ 想像してみてください誰かが素敵な目標のために 100万ドルを懸賞に出したらどうなるか ？ 昨年アメリカでは21件の100万ドル以上の寄付がなされましたたいしたことではありませんでももし世界中の多くの人たちの小さな寄付が同じくらい集まるとしたらどうでしょう ？ 掲げられた目標へのプロセスを公開して多くの人たちが関わっていけるようにするのです\n\nAnswer:', 'targets': 'תארו לעצמכם את השילוב של כל אלה, בעתיד. כשכל אלה יתחברו כחלק מהניסויים בעתיד — תארו לעצמכם, למשל, שמישהו יתרום מאה מיליון דולר למען מטרה מעוררת-השראה — ניתנו 21 מתנות בסכום כזה או יותר בארה """" ב לפני שנה, לא בלתי מתקבל-על-הדעת — אבל הוא יתרום את זה רק כנגד מיליוני מתנות קטנות מכל העולם. ובכך יגייס המון אנשים, יבנה שקיפות ויערב בני-אדם במטרה המוצהרת.\n\n\n'}]"
flan2022,"[{'inputs': 'Given the task definition and input, reply with output. You are given a sentence in Persian. Your job is to translate the Farsi sentence into Japanese.\n\nاخیرا ، نماینده \u200c ی ترکیه \u200c ای « خبرنگاران بدون مرز » ارول اندروگلو بازداشت شده و متهم به اشاعه \u200c ی پروپاگاندای ترورسیتی شده به خاطر این \u200c که او و تعدادی دیگه از فعالان از رسانه \u200c ی کرد حمایت می \u200c کردن\n', 'targets': '最近では国境なき記者団のトルコ代表 — エロル・オンデルオールは活動家数名と共にクルド人メディアを支援したとしてテロリストのプロパガンダを広めた罪で拘束起訴されています'}]"
flan2022,"[{'inputs': 'Q: You are given a sentence in Hebrew. Your job is to translate the Hebrew sentence into Japanese.\nואז הם מבינים שאני צודק!\nA:', 'targets': '私が正しいことに気づくのです'}]"
flan2022,"[{'inputs': 'Part 1. Definition\nYou are given a sentence in Galician. Your job is to translate the Galician sentence into Japanese.\nPart 2. Example\nTerán seguro para pagar a receita?\nAnswer: 処方箋を支払う為の保険は ？\nExplanation: The Galician sentence is correctly translated into Japanese, because the meaning is preserved.\nPart 3. Exercise\nUn videoxogo ben deseñado tecerá sen problemas ao usuario na fábrica da experiencia virtual.\nAnswer:', 'targets': 'よくできたゲームは違和感なく仮想体験の中にプレーヤーを引き込む'}]"
flan2022,"[{'inputs': 'The provided file includes inquiries about restaurants, and we ask you to translate those to the Japanese language. Please bear in mind the following guidlines while doing the translation: 1) We are looking for the most naturally written and formal form of each sentence in your language. We are *NOT* looking for colloquial forms of the sentence. We are looking for formal form which is how you would type your queries in a text-based virtual assistant. 2) The words between quotation marks *SHOULD NOT* be translated. We expect you to keep those values intact and include the quotation marks around them as well. 3) The fully capitalized words like DATE_0, or DURATION_0 *SHOULD NOT* be translated. Please keep them as they are in the translations. 4) Please do not localize measurement units like miles to kilometers during your translation. miles should be translated to its equivalent in your language. 6) Note the input is all lowercased except for special placeholders. Please do the same in your translations.\n\n[Q]: i would like all restaurants with 9 stars and above .\n[A]: 評価が9星以上のすべてのレストランを教えてください。\n\n\n[Q]: show description of the closest 3 star restaurant .\n[A]: 最寄りの3つ星レストランの情報を見せて。\n\n\n[Q]: look up a "" mexican "" restaurant for me .\n[A]:', 'targets': '"" mexican "" レストランを探してください。\n\n\n'}]"
gem_surface,"[{'input': '1\t」\t」\tPUNCT\tSYM\tlin=+1|original_id=13\t13\tpunct\t_\t_\n2\t車\t車\tNOUN\tXS\toriginal_id=9\t17\tnmod\t_\t_\n3\t、\t、\tPUNCT\tSYM\tlin=+2|original_id=7\t12\tpunct\t_\t_\n4\tの\tの\tADP\tPN\toriginal_id=14\t13\tcase\t_\t_\n5\tは\tは\tADP\tPK\toriginal_id=3\t6\tcase\t_\t_\n6\t輿\t輿\tNOUN\tNN\toriginal_id=2\t12\tnmod\t_\t_\n7\t」\t」\tPUNCT\tSYM\tlin=+1|original_id=6\t12\tpunct\t_\t_\n8\t。\t。\tPUNCT\tSYM\tlin=+1|original_id=18\t10\tpunct\t_\t_\n9\tで\tで\tADP\tPS\toriginal_id=16\t17\tcase\t_\t_\n10\t進む\t進む\tVERB\tVV\toriginal_id=17\t0\troot\t_\t_\n11\t「\t「\tPUNCT\tSYM\tlin=-1|original_id=4\t12\tpunct\t_\t_\n12\tチョーサンヤ\tチョーサンヤ\tPROPN\tNNP\toriginal_id=5\t17\tnmod\t_\t_\n13\tアラヨーイトナ\tアラヨーイトナ\tPROPN\tNNP\toriginal_id=12\t17\tnmod\t_\t_\n14\t荒神\t荒神\tNOUN\tNN\tlin=-1|original_id=1\t6\tcompound\t_\t_\n15\tは\tは\tADP\tPK\toriginal_id=10\t2\tcase\t_\t_\n16\t団\t団\tNOUN\tNN\tlin=-1|original_id=8\t2\tcompound\t_\t_\n17\t掛け声\t掛け声\tNOUN\tNN\toriginal_id=15\t10\tobl\t_\t_\n18\t「\t「\tPUNCT\tSYM\tlin=-1|original_id=11\t13\tpunct\t_\t_', 'target': '荒神輿は「チョーサンヤ」、団車は「アラヨーイトナ」の掛け声で進む。'}]"
gem_surface,"[{'input': '1\tEU\t_\tPROPN\tNNP\tlin=-1\t7\tcompound\t_\t_\n2\tを\t_\tADP\tPS\t_\t12\tcase\t_\t_\n3\t表明\t_\tVERB\tVV\t_\t0\troot\t_\t_\n4\tする\t_\tAUX\tXV\t_\t3\taux\t_\t_\n5\t。\t_\tPUNCT\tSYM\tlin=+1\t3\tpunct\t_\t_\n6\t大統領\t_\tNOUN\tNN\t_\t3\tnsubj\t_\t_\n7\t加盟\t_\tNOUN\tNN\t_\t11\tnmod\t_\t_\n8\t目指す\t_\tVERB\tVV\t_\t12\tacl\t_\t_\n9\t、\t_\tPUNCT\tSYM\tlin=+1\t6\tpunct\t_\t_\n10\t同\t_\tADJ\tJR\t_\t6\tamod\t_\t_\n11\t欧州統合\t_\tNOUN\tNN\t_\t8\tobj\t_\t_\n12\t意向\t_\tNOUN\tNN\t_\t3\tobj\t_\t_\n13\tを\t_\tADP\tPS\t_\t11\tcase\t_\t_\n14\tおよび\t_\tCCONJ\tCC\t_\t11\tadvmod\t_\t_\n15\tた\t_\tAUX\tAV\t_\t3\taux\t_\t_\n16\tは\t_\tADP\tPK\t_\t6\tcase\t_\t_', 'target': '同大統領は、EU加盟および欧州統合を目指す意向を表明した。'}]"
gem_surface,"[{'input': '1\tの\tの\tADP\tPN\toriginal_id=4\t5\tcase\t_\t_\n2\tに対して\tに対して\tADP\tPS\toriginal_id=2\t13\tcase\t_\t_\n3\tを\tを\tADP\tPS\toriginal_id=11\t10\tcase\t_\t_\n4\t,\t,\tPUNCT\tSYM\tlin=+1|original_id=7\t8\tpunct\t_\t_\n5\t幸福\t幸福\tNOUN\tNN\toriginal_id=3\t8\tnmod\t_\t_\n6\tは\tは\tADP\tPK\toriginal_id=6\t8\tcase\t_\t_\n7\tだ\tな\tAUX\tXV\toriginal_id=9\t9\taux\t_\t_\n8\t科学\t科学\tNOUN\tNN\toriginal_id=5\t11\tnsubj\t_\t_\n9\t新た\t新た\tADJ\tJN\toriginal_id=8\t10\tacl\t_\t_\n10\t霊言\t霊言\tNOUN\tNN\toriginal_id=10\t11\tobj\t_\t_\n11\t開示\t開示\tNOUN\tNN\toriginal_id=12\t0\troot\t_\t_\n12\t。\t。\tPUNCT\tSYM\tlin=+1|original_id=13\t11\tpunct\t_\t_\n13\tこれ\tこれ\tPRON\tNP\toriginal_id=1\t11\tobl\t_\t_', 'target': 'これに対して幸福の科学は,新たな霊言を開示。'}]"
gem_surface,"[{'input': '1\t同\t同\tPART\tXPC\tlin=-1|original_id=9\t8\tcompound\t_\t_\n2\tを\tを\tADP\tPS\toriginal_id=4\t24\tcase\t_\t_\n3\tなる\tなり\tVERB\tVV\toriginal_id=20\t11\tadvcl\t_\t_\n4\tと\tと\tADP\tPS\toriginal_id=19\t6\tcase\t_\t_\n5\t7\t7\tNUM\tCD\tNumType=Card|original_id=12\t25\tnummod\t_\t_\n6\t円\t円\tNOUN\tXSC\toriginal_id=18\t3\tobl\t_\t_\n7\tの\tの\tADP\tPN\toriginal_id=15\t25\tcase\t_\t_\n8\t6\t6\tNUM\tCD\tNumType=Card|original_id=10\t25\tnummod\t_\t_\n9\tた\tた\tAUX\tAV\toriginal_id=6\t23\taux\t_\t_\n10\t%\t%\tNOUN\tXSC\tlin=-1|original_id=13\t25\tcompound\t_\t_\n11\t最大\t最大\tNOUN\tNN\toriginal_id=25\t0\troot\t_\t_\n12\t。\t。\tPUNCT\tSYM\tlin=+1|original_id=26\t11\tpunct\t_\t_\n13\t約\t約\tPART\tXPC\tlin=-1|original_id=16\t6\tcompound\t_\t_\n14\t過去\t過去\tNOUN\tNR\toriginal_id=24\t11\tnmod\t_\t_\n15\t・\t・\tSYM\tSYM\tlin=+1|original_id=11\t8\tcompound\t_\t_\n16\tとともに\tとともに\tADP\tPP\toriginal_id=23\t19\tcase\t_\t_\n17\t特別会計\t特別会計\tNOUN\tNN\toriginal_id=1\t24\tnmod\t_\t_\n18\t総額\t総額\tNOUN\tNN\toriginal_id=7\t3\tobl\t_\t_\n19\t一般会計\t一般会計\tNOUN\tNN\toriginal_id=22\t11\tobl\t_\t_\n20\t、\t、\tPUNCT\tSYM\tlin=+1|original_id=21\t3\tpunct\t_\t_\n21\tも\tも\tADP\tPK\toriginal_id=8\t18\tcase\t_\t_\n22\t七千二百二十八億\t七千二百二十八億\tNUM\tCD\tNumType=Card|original_id=17\t6\tnummod\t_\t_\n23\t合わせる\t合わせ\tVERB\tVV\toriginal_id=5\t18\tacl\t_\t_\n24\t企業会計\t企業会計\tNOUN\tNN\toriginal_id=3\t23\tobj\t_\t_\n25\t増\t増\tNOUN\tXS\toriginal_id=14\t3\tobl\t_\t_\n26\t、\t、\tPUNCT\tSYM\tlin=+1|original_id=2\t17\tpunct\t_\t_', 'target': '特別会計、企業会計を合わせた総額も同6・7%増の約七千二百二十八億円となり、一般会計とともに過去最大。'}]"
gem_surface,"[{'input': '1\tグルメ\tグルメ\tNOUN\tNN\tlin=-1|original_id=4\t11\tcompound\t_\t_\n2\tだ\tであっ\tAUX\tAV\toriginal_id=10\t7\tcop\t_\t_\n3\tた\tた\tAUX\tAV\toriginal_id=11\t7\taux\t_\t_\n4\t云う\t云う\tVERB\tVV\toriginal_id=7\t7\tacl\t_\t_\n5\tだ\tに\tAUX\tXV\toriginal_id=2\t8\taux\t_\t_\n6\t。\t。\tPUNCT\tSYM\tlin=+1|original_id=12\t7\tpunct\t_\t_\n7\tもの\tもの\tNOUN\tNB\toriginal_id=9\t0\troot\t_\t_\n8\t確か\t確か\tADJ\tJN\toriginal_id=1\t7\tadvcl\t_\t_\n9\t、\t、\tPUNCT\tSYM\tlin=+1|original_id=3\t8\tpunct\t_\t_\n10\tようだ\tような\tAUX\tAV\toriginal_id=8\t4\taux\t_\t_\n11\t店\t店\tNOUN\tXS\toriginal_id=5\t4\tobl\t_\t_\n12\tと\tと\tADP\tPS\toriginal_id=6\t11\tcase\t_\t_', 'target': '確かに、グルメ店と云うようなものであった。'}]"
jasquad,"[{'question': 'ヒンデンブルク大統領に「ドイツ民族保護のための大統領令」を出させたのは誰ですか。', 'context': '強制収容所(Konzentrationslager)は、ナチス党政権下のドイツがユダヤ人、反ナチ分子、反独分子、エホバの証人、政治的カトリック、同性愛者、ソ連捕虜、常習的犯罪者、「反社会分子」といった者たちを収容するために、ドイツ本国および併合・占領したヨーロッパの各地に設置した強制収容所である。\n\n1932年にヴァイマル憲法下のドイツで行われた二度の国会選挙で、多くのドイツ国民からの支持を得て第一党を確保した国家社会主義ドイツ労働者党(以下ナチ党)の党首アドルフ・ヒトラーは、1933年1月30日にパウル・フォン・ヒンデンブルク大統領よりドイツ国首相に任命された。\n\nヒトラー首相は、首相に就任するやただちに反ナチ党分子の始末に乗り出した。1933年2月4日には早くもヒンデンブルク大統領に「ドイツ民族保護のための大統領令」を出させて、ヴァイマル憲法によって認められていた言論の自由や政治集会の自由などの国民の権利をいくつか停止し、反ナチ党的言論の取り締まりを開始した。\n\n続いて国会議事堂放火事件後の1933年2月28日に「ドイツ国民と国家を保護するための大統領令」を出させて、国民の権利停止の範囲を拡大し、人身の自由や私有財産権などの国民の権利を停止させた。またこの大統領緊急令に「公共秩序を害する違法行為は強制労働をもって処する」という条文が出てくる。「強制収容所(Konzentrationslager)」という言葉や「保護拘禁(Schutzhaft)」という言葉は出てこないが、この大統領緊急令が反ナチ党分子を保護拘禁して強制収容所へ送り込む法的根拠となった。ちなみにこの大統領緊急令はヴァイマール憲法48条が非常時には憲法を停止することを認めていたことに準拠していた。\n\n左翼政党のドイツ共産党とドイツ社民党は反ナチ党分子の代表格であり、ナチ党にとっては真っ先に社会から隔離すべき者たちであった。しかし彼らを「犯罪者」として刑務所に投獄するには裁判で有罪判決を下す必要がある。裁判では不確実なうえに時間がかかる。そこで左翼を「犯罪者」ではなく「潜在的な危険分子」として保護拘禁して強制収容所に収容することとしたのである。', 'answers': 'ヒトラー首相'}]"
jasquad,"[{'question': 'バレエはどこで発達しましたか。', 'context': 'バレエはフランスで発達したため、バレエの振付用語は基本的にはフランス語である。近代バレエの特徴は爪先立ちを多用することにある。これをポワントまたは英語のトーという。このために履く特製の靴がトウシューズである。その性質上、足首が固いと非常にバレエには不向きとなる。また、爪先立ちを多用するために、爪先を様々な形で痛めることがあり、日常生活に影響が出るレベルにまでなり、バレエダンサーとしても活動できなくなるケースは少なくない。\n\nポワントで立たず足を舞台につけて立つ立ち方は6つに分類される。これをポジションと呼ぶ。振付においては特に詳述せずポジション名で呼ぶ。\n\nバレエ舞踏の重要な技法としては跳躍と回転がある。これもフランス語で呼び、たとえば片足を前方に投げ出しその方向へ飛ぶことをジュテと呼び、空中での足の位置や跳躍の大きさによってジュテは細分される。一方物語り進行上の感情を表すのにはマイムを用いる。マイムが過度に多い作品はしばしば「バレエ的でない」と批判されることからも、バレエが舞踊芸術であることが理解される。', 'answers': 'フランス'}]"
jasquad,"[{'question': '第16作目のゴジラの身長は何メートルですか?', 'context': '1983年になるとゴジラシリーズ再開のため、関西や関東、九州地区等で過去の映画作品を縦断上映する『ゴジラ復活フェスティバル』が催された。1984年、『メカゴジラの逆襲』以来9年ぶりに製作されたシリーズ第16作『ゴジラ』では、第1作を踏まえ、ゴジラ以外の怪獣は登場せず、再びゴジラは恐怖の対象として描かれた。この作品においてゴジラは1954年に一度だけ日本を襲った怪獣とされ、第1作の直接の続編という形をとっており、第2作以後の作品すべてをリセットした。また第1作当時と異なり、ゴジラの設定サイズの50メートルより高い高層ビルが多くなっており、それらに合わせゴジラのサイズを80メートルに設定した。後のシリーズ第18作『ゴジラvsキングギドラ』以降はサイズは100メートルとなった。5年後の1989年、第16作の直接の続編であるシリーズ第17作『ゴジラvsビオランテ』が公開されるが動員数は振るわず、再度数年の充電期間に入る。その後、「昭和ゴジラシリーズ」と同様、対決ものとしてシリーズ化され、1991年公開のシリーズ第18作『ゴジラvsキングギドラ』以降は正月映画として1995年公開の第22作『ゴジラvsデストロイア』まで毎年1本のペースで製作された。', 'answers': '80メートル'}]"
jasquad,"[{'question': '洞澤伸はどこの大学の教授ですか?', 'context': '岐阜大学教授の洞澤伸は、中日新聞の記事において「『おこ』という言葉には怒りを和らげる効果がある」と指摘しており、「『おこ』という可愛らしい表現を用いることによって喧嘩になるのを避ける戦略になっている」と分析している。\nまた、「とても寒かった」を「めちゃ『おこ』寒かった」などと表現するように、言葉の強調に用いられる場合もあると述べている。\nマーケティング評論家の牛窪恵は、女性セブンの記事において、適切な感情表現ができない人が増加している背景にSNSの普及があるとした上で「激おこぷんぷん丸」は時代を非常に象徴した言葉であると評価し、「『凄く怒っている』と素直に表現してしまうと『楽しい雰囲気なのに空気が読めない』と指摘され角が立ってしまうから、敢えて怒りの感情を茶化して『ネタ』にしている。SNSは周囲と同調しなければいけないツールなので、感情を押し込める必要がある」と論じている。', 'answers': '岐阜大学'}]"
jasquad,"[{'question': 'サラミスの海戦でデメトリオスに敗れたのは、誰か?', 'context': '以降の戦いで中心的役割を演じたのはアレクサンドロス帝国の大半に権威を確立したアンティゴノスとその息子デメトリオス・ポリオルケテス(都市攻囲者デメトリオス)である。プトレマイオスは今度はマケドニア本国を抑えたカッサンドロス、バビロニアを追われたセレウコス、リュシマコスらと結んでアンティゴノスに対抗し、シリアおよび海上でデメトリオスと戦った。プトレマイオスはこの過程で、前310年に海路でギリシアに遠征し小アジア南岸のリュキア、カリア、キュクラデス諸島の他、一時的ながらペロポネソス半島の一部を支配下に置いた。しかし、前306年にはサラミスの海戦でデメトリオスに敗れキュプロス島を奪われた。この勝利に勢いづいたアンティゴノス(1世)は、息子デメトリオス(1世)と共に同年中に王位を宣言した(アンティゴノス朝)。', 'answers': 'プトレマイオス'}]"
jawikinews,"[{'article': '朝日新聞によると、山口県熊毛郡で8月20日朝、「79歳の老人男性の身体が冷たくなっている」と妻(76歳)が警察に通報し、駆けつけた警察官の調べで、この老人は1階仏間で電気コードで首を巻かれて頭から流血して死んでいることがわかった。山口県警は事件直後から行方不明となっていた男性の孫の16歳の高校1年の男子生徒を捜していたが、8月21日東京都内で身柄を拘束し、警視庁で調べたところ、指紋などから男子生徒と判断して殺人の疑いで逮捕した。男子生徒は21日夕方、千代田区にあるドンキホーテで菓子を万引きしたところを警備員に見つかり、通報を受けた警察署員が調査したところ、山口県警の調べていた少年と名前や住所が一致し、また手配当時の服装である白のズボンとTシャツに半そでシャツをはおるといった服装とほぼ同じだったことからこの男子生徒の犯行と断定した。朝日によると、男子生徒に接見した弁護士は8月23日「隠れてゲームをしていたところを祖父に見つかり度々""隠れてゲームをするな""と怒られていた」と話した。男子生徒は小遣いとお年玉を貯金してゲーム機を購入。しかし7月に自宅で祖父に隠れてそれをしていたところを祖父に注意され、8月に入ってからは「ゲームを続けてたら学校を辞めさせる」といわれたという。また男子生徒の通っていた塾の教育長の話では「祖父がテレビゲームで勉強をする時間が減っていると嘆いていた」と説明していたこともわかった。塾長は更に「男子生徒は学習態度は非常に真面目だったが、7月に行った定期テストの成績は5月のそれより落ちていた」と話している。男子生徒は昨年3月に広島県の中学校を卒業後、同県の海上自衛隊学校と通信制の高校にそれぞれ入学するもすぐに退学し、今年改めて山口県にある高校へ再入学していた。asahi.com', 'headline': '山口で高校生の祖父殺害、「""隠れてゲームをするな""と怒られた」'}]"
jawikinews,"[{'article': 'サンケイスポーツによると、大相撲・元大関北天佑勝彦の二十山親方(本名・千葉勝彦氏)が6月23日、腎臓がんのため東京都文京区の東京大学医学部付属病院で亡くなった。45歳だった。朝日新聞、北海道新聞によると二十山親方は北海道室蘭市出身。1976年、三保ヶ関部屋から力士デビューし、1980年の九州場所で初入幕を果たす。1983年に大関に昇進後、歴代2位タイに当たる大関44場所在位の記録を作り、2度の優勝経験を持っていた。その相撲センスは「北海の白熊」と称された。1990年に引退後は年寄二十山として後進の指導に当たり、1994年に二十山部屋として独立。白露山を輩出した。しかし、2006年に脳梗塞で入院し治療を続けていた。YOMIURIONLINE『元大関・北天佑の二十山親方が腎臓がんで死去、45歳』。読売新聞、2006年6月23日。asahi.com', 'headline': '訃報二十山親方(元・北天佑関)'}]"
jawikinews,"[{'article': '26日、ブルンジのピエール・ンクルンジザ新大統領が大統領宣誓式を行う。1993年に多数派のフツ族と少数派ながら権力を掌握していたツチ族の内戦が始まって以来、はじめての民主的な選挙による大統領となる。任期は2010年までの5年間。ンクルンジザ新大統領は40歳。元学校教師で、内戦開始後、1995年から反政府闘争に参加。フツ族反政府武装集団最大勢力の「民主防衛国民会議・民主防衛勢力」(CNDD-FDD)のリーダーとして活動した。外務省の資料によれば、和平後、2005年7月に行われた国政選挙で、上院・下院とも政党となったCNDD-FDDが勝利し、8月19日、上下院議員による選挙で、圧倒的な大差により大統領に選出された。ンクルンジザ新大統領はは、2003年に就任したドミティアン・ンダイゼイエ暫定政府大統領と交代する。和平合意により、新政権では、ツチ族にも一定のポストが割り振られるクォータ制が取られる。BBCによれば、式典にはネルソン・マンデラ前南アフリカ大統領ほか、和平プロセスに協力したアフリカ各国の首脳が招かれる。1993年の内戦開始後、13年にわたる内戦で民間人を中心に30万人の死者が出た。CNDD-FDDが停戦に合意した2003年以降も、和平交渉参加を拒否する反政府武装勢力FNLの攻撃は現在も続いている。また国外に避難した難民も多い。難民の多くは和平合意を歓迎し、ブルンジに帰還している。国連難民高等弁務官事務所によれば、25万人以上がブルンジに帰国している。内戦による分断は和平後も残っており、CNDD-FDDと政府軍の双方が、民間人殺害について告発されている。こうした双方の兵士による暴力を司法の上で偏りなく扱う必要を複数のメディアは指摘している。またロイターのハル記者とンドゥウィマナ記者は、新政府の課題として、そのほかに、新大統領が支持基盤であるCNDD-FDDを特権化しない、ツチ族のエリート層を疎外しない、FDLを和平交渉のテーブルにつかせることをあげている。ブルンジのフツ族過激派、2か月で300人の一般人を殺害', 'headline': 'ブルンジ、ンクルンジザ新大統領就任へ'}]"
jawikinews,"[{'article': '中国新聞によると、プロ野球・広島カープの選手、監督を歴任し、その後東北楽天イーグルスの編成部長を務めた三村敏之氏が11月3日午前10:05(UTC+9)、心不全のため仙台市の病院で急逝した。61歳。中国新聞によると、三村氏は広島県出身。地元の広島商業高校から1967年のドラフト第2位で広島カープに入団。遊撃手として活躍し、1975年のリーグ初優勝、1979年・80年の日本シリーズ連覇に貢献。実働17年で1567試合・1245安打・149ホームラン・打率0.255を残し、ベストナイン賞に3回輝いた。後年は広島カープの2軍監督やコーチを経て1994年から5年間1軍の監督を務めた。2007年から東北楽天イーグルスに所属し、編成部長を担当していた。朝日新聞によると、三村氏は2009年に入ってから肝臓の手術を受けるなど体調は万全ではなかったが、10月29日開催のドラフト会議には出席していた。時事通信と中国新聞によると、三村氏が所属した広島、東北楽天の両チーム関係者は三村氏の訃報に際してコメントを寄せている。広島OBの達川光男氏「(達川氏が)ルーキーで野球道具が買えなかったときによく三村さんがまわしてくれたりして、かわいがってくれた。監督として5年間で4回Aクラスに入ったし、それ以来Aクラスはない。当時の巨人の戦力を考えても、よく盛り上げてくれたと思う」東北楽天・島田亨オーナー「余りの突然のことで大変驚いているし、痛恨の極み。(東北楽天の)チームがようやく力をつけて、これからも更に三村さんの力をお借りしなければいけないと思っていた矢先だった」同・米田純球団代表「今朝(三村氏の)容態が悪化されて、病院に向かっている途中で(死に目に)間に合わなかった。昨年体調を崩された中で、業務をこなしてくれた。大変残念です」(以上3人は時事通信より)広島OBの大下剛史氏「敏之、敏之とかわいがっていたからショックが大きい。まさかという思いだ」同・山本浩二氏「タイプは違うが打者としてはライバルだった。プロ人生の大半を同じユニフォームで過ごしてきた。残念だ」(以上2名は中国新聞より)地域ニュース', 'headline': '訃報三村敏之氏-広島カープ元監督'}]"
jawikinews,"[{'article': '日本の宇宙航空研究開発機構(JAXA)は11月23日(日本時間)の会見で、20日に小惑星「糸川」への着陸を試みた探査機はやぶさが、30分ほど「糸川」に着陸していたことが判明したと発表した。20日の同機構の会見では着陸はしなかった模様だと発表していたが、その後のデータの詳細解析により、障害物を検知したはやぶさが、自ら緊急着陸が妥当と判断し2回のバウンドを経て「糸川」の「ミューゼスの海」に着陸していたと判明した。朝日新聞によればはやぶさは、着陸からおよそ30分後に指令により離陸し、現在23日時点では「糸川」から40-50kmの地点にあるという。また、88万人の名前が刻まれた、はやぶさの着陸地点の目標となる「ターゲットマーカー」も、無事に「糸川」の「ミューゼスの海」に着地した。はやぶさは月以外の天体への離着陸に成功した、世界初の探査機となった。「糸川」の岩石採取のために発射されるはずだった金属弾は発射されなかったが、読売新聞によれば、はやぶさ着地時の衝撃で舞い上がった砂が採取された可能性もあると報じている。宇宙航空研究開発機構は25日夜(日本時間)にも「糸川」のはやぶさへの再着陸と岩石採取を行う予定だが、朝日新聞によれば一部のセンサーで点検が必要で、読売新聞・毎日新聞によれば実行されるかは微妙で、センサーの点検後に日程を決めるという。小惑星「イトカワ」の探査ロボット、着陸失敗か', 'headline': '探査機はやぶさ、小惑星「糸川」に着陸していた―データ解析で判明'}]"
journal_latex,"[{'abstract': '一般に、テキストは複数の文から形成されており、文間には何らかの意味的なつ\nながりがある．テキスト中の意味的にまとまったある範囲が，談話セグメントや意\n味段落と呼ばれる一貫性のある談話の単位を構成する．また，談話セグメント間の\n関係によってテキスト全体の談話構造が形成される．こうしたことから，セグメン\nト境界の検出は，テキスト構造解析の第一歩であると考えられる．テキスト中には，\nセグメント境界の検出に利用できる多くの表層的手がかりが存在する．本稿では，\n複数の表層的手がかりを組み合わせて日本語テキストのセグメント境界を検出する\n手法について述べる．セグメント境界の検出は，複数の手がかりのスコアを基に各\n文間のセグメント境界への成り易さあるいは成り難さを表す文間スコアを計算する\nことで行われる．文間のスコアは，各手がかりのスコアに重要度に応じた重みをか\nけ，この重み付きスコアを足し合わせることにより計算する．本稿では，各手がか\nりへの重み付けを人手によらず，訓練データを用いた統計的手法により自動的に行\nう手法について述べる．また複数の手がかりの中で，実際にセグメント境界の検出\nに有効な手がかりだけを選択することで訓練データへの過適合を避ける手法につい\nても述べる．', 'title': '複数の表層的手がかりを統合したテキストセグメンテーション', 'keywords': 'セグメンテーション，テキスト構造，語彙的連鎖，表層的情報'}]"
journal_latex,"[{'abstract': '形態素解析は日本語解析の重要な基本技術の一つとして認識されている．\n形態素解析の形態素とは，単語や接辞など，文法上，最小の単位となる要素\nのことであり，形態素解析とは，与えられた文を形態素の並びに分解し，\nそれぞれの形態素に対し文法的属性(品詞や活用など)を決定する処理のことである．\n近年，形態素解析において重要な課題となっているのは，\n辞書に登録されていない，あるいは学習コーパスに現れないが\n形態素となり得る単語(未知語)をどのように扱うかということである．\nこの未知語の問題に対処するため，これまで大きく二つの方法がとられてきた．\n一つは未知語を自動獲得し辞書に登録する方法であり，\nもう一つは未知語でも解析できるようなモデルを作成する方法である．\nここで，前者の方法で獲得した単語を辞書に登録し，\n後者のモデルにその辞書を利用できるような仕組みを取り入れることができれば，\n両者の利点を生かすことができると考えられる．\n本論文では，最大エントロピー(ME)モデルに基づく形態素解析の手法を提案する．\nこの手法では，辞書の情報を学習する機構を容易に組み込めるだけでなく，\n字種や字種変化などの情報を用いてコーパスから未知語の性質を学習することも\nできる．我々はこの手法により未知語の問題が克服される可能性が高いと考えている．\n京大コーパスを用いた実験では，再現率95.80\\%，適合率95.09\\%の精度が得られた．', 'title': '最大エントロピーモデルに基づく形態素解析\n  qp ---未知語の問題の解決策---', 'keywords': '形態素解析，最大エントロピー(M.E.)モデル，未知語，辞書'}]"
journal_latex,"[{'abstract': '現在，統計的言語モデルの一クラスとして確率文脈自由文法 (PCFG)\nが広く知られている．また，括弧なしコーパスからPCFGを訓練する方法\nとして Inside-Outside (I-O)アルゴリズムが知られてきた．\nI-O アルゴリズムは PCFG 用に効率化を施した EM\n(expectation-maximization) アルゴリズムだが，\n依然その計算速度に問題があることが知られている．\n本論文では，文法構造があらかじめ与えられていることを前提に，\n訓練過程を構文解析とEM学習に分離した高速 EM 学習法を提案する．\nその中間データ構造にパーザが生成する WFST\n(well-formed substring table) を用いる．\n例えば，一般化LRパーザを用いると事前コンパイル・ボトムアップ\n探索による効率性，および Chomsky 標準形を要求しないという一般性を\n引き継ぐことができる．\n一方EM学習では，WFSTのコンパクトさを利用して\n効率的なパラメタ推定が行なわれる．\n推定結果は I-O アルゴリズムで得られるものと一致する．\n更に，文脈依存性を取り入れたPCFGの拡張モデルに対する多項式オーダの\nEM学習法を示す．また，ATR対話コーパスを用いて実験を行ない，\n訓練時間が大幅に短縮されていることを確認した．', 'title': 'bf WFSTに基づく確率文脈自由文法およびその\n\t拡張文法の高速EM学習法', 'keywords': '確率文脈自由文法，EMアルゴリズム，\tInside-Outsideアルゴリズム，WFST'}]"
journal_latex,"[{'abstract': '近年の高度情報化の流れにより，自動車にも種々の情報機器が搭載\n  されるようになり，その中で音声認識・合成の必要性が高まってい\n  る．本研究は音声合成を行うための日本語解析の中で基本となる，\n  文節まとめあげに関する研究報告である．\n  従来の文節まとめあげは，人手規則による手法と機械学習による手\n  法の二つに大きく分けられる．前者は，長年の努力により非常に高\n  い精度を得られているが，入力データ形式が固定であるために柔軟\n  性に欠け，人手で規則を作成・保守管理するため多大な労力を要し，\n  車載情報機器へ実装するには問題が大きい．また後者は，それらの\n  問題に柔軟に対処できるが，精度を向上させるためにアルゴリズム\n  が複雑化しており，その結果開発期間が延長するなどの問題が生じ，\n  車載情報機器には不向きである．\n  そこで本研究は，決定リストを用いる手法を発展させ，複数の決定\n  リストを順に適用するだけという非常に簡明な文節まとめあげの手\n  法を提案する．決定リストの手法は非常に単純であるが，それだけ\n  では高い精度が得られない．そこで，決定リストを一つではなく複\n  数作成し，それぞれのリストを最適な順序に並べて利用することに\n  より精度向上を図った．この結果，京大コーパスの最初の10000文\n  を学習コーパス，残りの約10000文をテストコーパスとして実験を\n  行ったところ，非常に簡明な手法ながら，99.38\\%という高い精度\n  を得られた．', 'title': '複数決定リストの順次適用による文節まとめあげ', 'keywords': '文節まとめあげ,決定リスト'}]"
journal_latex,"[{'abstract': 'カスタマサービスとして，ユーザから製品の使用方法等についての質問を受けるコールセンターの需要が増している．ユーザからの質問に的確に応答するためには，次々に開発される新製品の知識が必要となる．応対するオペレータは，過酷な業務のため定着率が低く，企業にとってもレベルの高い人材を継続して維持することは，人件費や教育などのコストがかかり，問題となっている．\\\\\n本研究は，ユーザが自ら問題解決できるような，対話的ナビゲーションシステムを実現する基礎技術を開発することにより，コールセンターのオペレータ業務の負荷を軽減することを目的とする．Web上での質問応答システムにおいてユーザが初期に入力する自然言語による状況説明や質問文を分析したところ，20文字以下の質問文が7割を占めていた．一方，コールセンターでは，オペレータが，過去のユーザとのやり取りの結果を，質問と応答の要約文として蓄積している．そこで，本研究では，ユーザが初期に入力する20文字前後の比較的短い質問文を対象とし，その質問文から，コールセンターで蓄積した過去の質問の要約文を引き出し，それに予め付与された応答をそのまま回答する手法を採用する．しかし，ユーザの与える20文字以下の短い質問文と蓄積された要約文との単純なマッチングでは，多数の要約文が引き出されることが多いため，システムからユーザに新たなキータームの入力を促してユーザの意図する適切な要約文に速やかに到達できるような対話的ナビゲーション技術の開発が最も重要な研究課題となっている．対話的ナビゲーションを実現するために，ユーザが初期に入力した質問文中のどのようなタームが最適な要約文の検索に重要であるかを判定する方式として，入力した質問と要約文とのマッチングが成功したものから一定の基準によってタームを変更する方式（サクセスファクタ分析方式と呼ぶ）を開発した．この分析の結果から，主辞を修飾するタームをユーザの質問文に対して対話的に補うことがマッチングの精度に大きく影響し，極めて有効なことを実験的に明らかにした．', 'title': '初期質問文から蓄積された質問応答への効果的マッチング法', 'keywords': 'コールセンター，ナビゲーション，質問応答，初期質問文，サクセスファクタ分析方式'}]"
jp_emoticon,"[{'text': 'それにしても居ないと快適ってパパさん可哀想', 'sentiment': 'negative', 'emotion': 'sad', 'all_emotions': 'relief, joy, dislike, sad, fear, like, anger'}]"
jp_emoticon,"[{'text': 'まあれとかあれとか言っても良いんですがね勝利', 'sentiment': 'positive', 'emotion': 'joy', 'all_emotions': 'relief, joy, dislike, sad, fear, like, anger'}]"
jp_emoticon,"[{'text': 'ポジティブに行かんとダメですよね', 'sentiment': 'positive', 'emotion': 'joy', 'all_emotions': 'relief, joy, dislike, sad, fear, like, anger'}]"
jp_emoticon,"[{'text': '私の扱いにめっちゃ困ってそうよ', 'sentiment': 'negative', 'emotion': 'dislike', 'all_emotions': 'relief, joy, dislike, sad, fear, like, anger'}]"
jp_emoticon,"[{'text': 'ムスコが産まれてから上の子が可愛いと前ほど思えなくなりイライラする毎日なんです', 'sentiment': 'negative', 'emotion': 'anger', 'all_emotions': 'relief, joy, dislike, sad, fear, like, anger'}]"
jp_fakenews,"[{'text': '毎日新聞と朝日新聞によると、15日午前6時、フロリダ州の沿岸都市ジェファーソンで、ジャズバー「シャーウェイ」を経営するウィリー・コーリー・ケイバーが、17日午後11時、ニューヨーク市ブルックリン区のマンハッタン区のマンハッタン・ブルックリン・ブルネル空港から、24時間以内にとの命令を受けて、ジェファーソンで、空港敷地内のロックンロール・ライドを開始した。その後、ロックンロール・ライドは、19日の午後11時に、ジェファーソン市域の約2000km西の、マンハッタン市の中心部にある、ロックンロール・ラインのエリアに、ジェファーソン市郊外、ペンシルベニア州に隣接する街区のチェスターフィールド区まで進むように進み、夜の8時の到着に備えた。午前中の3日後の午前6時、ジェファーソンの東約100km、ニューヨークの郊外には55kmを超える土地で、かつ、かつて、ジェファーソン市郊外のエリアにあった、ジェファーソンの都市圏の中心地であった「スターウッド」のある都市圏では、23日の午前中に到着予定であった。しかしながら、南アメリカの各地で台風19号の接近によって、50日はジェファーソン市郊外から先のエリアへの移動が遅れた。午後3時、ロック・シティの「チェリー・ライト・ハウス」の経営者であるジョニー・ウォーカーが、14日の午前中に到着できる見込みであると報じられた。16日午前1時に「チェリー・ライト・ハウス」は、ジェファーソンの郊外のエリアに到着した。午前9時、同市郊外のマンハッタン区に到着し、ホテルに入り、チェリー・ライト・ハウスに泊まる予定であったが、13日にはこのエリアのエリアは、ジェファーソン市郊外からの移動を含めて4つの地域から、さらに3カ月遅れている状況になった。', 'label': '完全にフェイク（記事の全体をAIモデルが生成した）', 'all_labels': 'オリジナルの記事（人間が執筆した）/部分的にフェイク（記事の後半をAIモデルが生成した）/完全にフェイク（記事の全体をAIモデルが生成した）'}]"
jp_fakenews,"[{'text': 'スポーツニッポンによると、その後、クリントン氏は5日にヒラリー・クリントン元アメリカ合衆国大統領とワシントンD.C.で会合し、彼らは「2人は全く変わっていなく、私たちが新しい仲間ではないという認識に同意した」と主張した。ヒラリー・クリントン氏の大統領就任後、CCI(Conselcaputational Congression; アメリカ合衆国保守派インターナショナル)は、アメリカ合衆国における民主党支持層の拡大を強く牽制した。アメリカ国家安全保障局(NSA)は、アメリカにおける反体制派の指導者の政治的地位を強化した。', 'label': '完全にフェイク（記事の全体をAIモデルが生成した）', 'all_labels': 'オリジナルの記事（人間が執筆した）/部分的にフェイク（記事の後半をAIモデルが生成した）/完全にフェイク（記事の全体をAIモデルが生成した）'}]"
jp_fakenews,"[{'text': '第47回衆議院議員総選挙が12月2日公示され、全国で1191人が立候補して、12月14日の投開票へ向けた12日間の選挙戦の火ぶたが切られた。今回の選挙は2012年12月以来の2年ぶりとなる。衆議院の定数は、小選挙区の議席を5つ減らす「0増・5減」の法律が適用され、全体の議席数は475議席となる。今選挙では、安倍晋三首相の掲げる経済政策、いわゆるアベノミクスを最大の争点とし、原発などのエネルギー政策、外交・安全保障・社会保障政策についても議論が交わされるとみられている。今回の選挙に小選挙区から立候補したのは959人となる。立候補者の人数に関しては、現在の「小選挙区比例代表並立制度」の下で行われている選挙では2005年の989人を下回る過去最低の人数となった。比例代表選挙（比例区）の単独立候補を含めた候補者総数の1191人は、2005年の1131人こそ上回るものの、2年前の2012年選挙時に立候補した1504人と比較して8割の人数にとどまった。立候補者の減少に関して当記事の情報源のひとつである読売新聞は、野党が推す候補が少なかったこと、小選挙区での候補を一本化したことを理由として挙げている。主な政党の候補者数は、自民党は選挙区で前職を中心に283人、公明党も前職9人を立候補するなど、自公連立与党で全国292の選挙区に候補者を擁立した。一方民主党は他の野党との候補者の一本化を進めたこともあり、選挙区での候補者数は過去最少の178人。また維新の党も前身の日本維新の会として立候補した前回の約半数に当たる77人にとどまった。次世代の党は選挙区に39人、日本共産党も沖縄県の3つの選挙区以外の292選挙区に立候補者を擁立している。比例区には11の政党・政治団体が候補者名簿を申請・受理され、自民党が341人、公明党が42人、民主党が197人など、小選挙区との重複立候補を含めて841人が立候補した。安倍氏は、今回の勝敗ラインを、自公連立与党で今回の改選過半数に当たる238議席以上とみているが、両党の執行部は全部の常任委員会で委員長を独占し、かつ各委員会で過半数が確保できる266議席以上の絶対安定多数の確保を目指している。その一方民主党は、今回候補者数が1998年に結党以来過去最少となったことを受け、「政権交代」の旗は降ろしたうえで100議席以上獲得を目標としているほか、維新の党も公示前の42議席を維持できるかがテーマとなる。各政党ごとの候補者数は以下の通りである。', 'label': 'オリジナルの記事（人間が執筆した）', 'all_labels': 'オリジナルの記事（人間が執筆した）/部分的にフェイク（記事の後半をAIモデルが生成した）/完全にフェイク（記事の全体をAIモデルが生成した）'}]"
jp_fakenews,"[{'text': '時事通信・共同通信によると、1963年のロサンゼルス五輪代表メンバーとして、世界選手権競技大会（カナダ）アジア予選・グループリーグ敗退を含む1度の日本杯敗退の後、1969年のアジア予選に出場、同年3月、スイス戦で代表初得点を決めた。長沼氏は日本人選手としても1956年のワールドカップアメリカ大会には参加。1963年には世界選手権の代表メンバーに選出され、30年ぶりの世代交代も兼ね出場した。1968年のワールドカップ、1969年のアジア予選には、長沼氏はグループリーグの中国戦や南アフリカ戦、日本戦で得点を決め代表の4連覇を達成した。さらに1976年には全日本大学強化選手が集まるロサンゼルス五輪にも出場するなど、現役時代に日本代表として13度の五輪出場を果たした。日本サッカー選手権（1973年）・オリンピック・世界選手権（1994年）・世界選手権代表（2000年）でも2度の五輪出場を果たし、2000年には1976年アテネオリンピックで金メダルを獲得した。1957年から1980年まで東京12チャンネル（現・テレビ東京）の解説者を務め、長沼氏の功績が認められ『Goal!』『サッカー批評』などの著書を手がけた。1994年3月12日、79歳で死去。', 'label': '完全にフェイク（記事の全体をAIモデルが生成した）', 'all_labels': 'オリジナルの記事（人間が執筆した）/部分的にフェイク（記事の後半をAIモデルが生成した）/完全にフェイク（記事の全体をAIモデルが生成した）'}]"
jp_fakenews,"[{'text': 'Impress WatchによるとCVシリーズに登場するキャラクターの名称は、1985年の初音ミク単独キャラクター誕生以来使用されていなかった「初音ミク」「鏡音リン・レン」が含まれる。なお、CVシリーズに登場するキャラクターには「初音ミク」・「鏡音レン」は含まれていない。その場合初音ミク単独キャラクターの名称を用いることになるが、本稿では便宜的に「初音ミク」「鏡音リン・レン」について述べる。第3弾シリーズは「初音ミク」「鏡音リン・レン」を基にしている。その際、「初音ミク」「鏡音リン・レン」は現在、公式に発表がされているシリーズでは唯一、オリジナル・カラーのキャラクターとして認識されなくなっている。CV03は、2019年7月23日から24日にかけて開催されたイベント「初音ミク&鏡音リン・レン ANNIVERSARY CONFIDENTAList 2019」でCV03として先行公開された。CV00が発表された時点では新たに発売することになっている。', 'label': '部分的にフェイク（記事の後半をAIモデルが生成した）', 'all_labels': 'オリジナルの記事（人間が執筆した）/部分的にフェイク（記事の後半をAIモデルが生成した）/完全にフェイク（記事の全体をAIモデルが生成した）'}]"
jp_newspapers,"[{'title': '文書通信費の使途公開\u3000首相の及び腰理解できぬ', 'text': '一般社会では当たり前のことである。なぜ自民党はやろうとしないのか。 国会議員に月額100万円が支給される文書通信交通滞在費（文通費）の運用見直しだ。野党が求める「使途の公開」に自民党は難色を示している。理解に苦しむ。 発端は、10月31日投票の衆院選で初当選した議員らに、在職1日にもかかわらず10月分が満額支給されたことだ。 日本維新の会の新人が問題提起し、法改正が必要だとの認識で与野党が一致していた。 文通費は、議員活動に伴う書類の印刷代や切手代、電話代などを賄うものだ。月額約129万円の歳費（給与）と年2回の期末手当とは別に、毎月支給される。 領収書が不要なため、使い道がチェックされない。私設秘書の給与補塡（ほてん）などにも流用されかねず、余っても返還の義務はない。「第2の給与」とも呼ばれ、以前から問題視されていたが、国会は長年にわたり放置してきた。 今回、使途公開を義務付け、残額の国庫返納も可能とする法案を、維新、立憲民主党など野党が相次いで提出したのは当然だ。 にもかかわらず、自民党は支給を日割りにするだけの改正でお茶を濁そうとしている。「公開基準を決めるのに時間がかかる」との理屈を持ち出し、与野党協議は暗礁に乗り上げている。今国会での法改正は難しい状況だ。 民間企業の経費なら領収書を付けての実費精算が常識である。地方議会でも、政治活動にかかる経費「政務活動費」の使途を巡り、領収書の公開が進んでいる。 後ろめたい支出でなければ、国会議員の場合も公開して何ら問題はないはずだ。 自民党は「全会派が合意の上で進めるべきだ」と主張しているが、自民、公明両党が同意すれば済む話である。 自民党総裁の岸田文雄首相は「各党が合意を得る努力を重ねる必要がある」と国会で語るだけで、及び腰だ。だが、総裁選では政治資金の「透明性を確保する」と強調していたのではなかったか。 文通費の原資は税金である。「政治とカネ」の問題で失った国民の信頼を取り戻したいなら、まずは足元の問題から取り組むべきだ。'}]"
jp_newspapers,"[{'title': 'HIS子会社の不正\u3000GoToの悪用許されぬ', 'text': '事実なら、詐欺まがいの行為だ。政府の観光支援策「GoToトラベル」が悪用されていたとの疑惑である。 旅行大手エイチ・アイ・エス（HIS）の子会社2社が、宿泊の実態がない取引で補助金を受けていた疑いが持たれている。国土交通省が調査に乗り出した。 この事業は、補助金を原資に旅行会社が宿泊料金などを割り引き、需要を喚起するものだ。 新型コロナウイルス禍で、2社が確保していたホテル客室に予約が入らなかった。このため1万8000泊を超える宿泊があったと偽って申請し、補助金で損失を穴埋めしていた可能性がある。 HISは関係者の聞き取り調査を始めたが、記者会見は開かず、詳細を明らかにしていない。説明責任を果たすべきだ。 別々の子会社でたまたま同じ事態が起きていたというのも不自然だ。ホテルの運営会社はHISの元社長が経営している。組織ぐるみではなかったか、十分な検証が求められる。 トラベル事業は年明け以降の再開が検討されている。事実が解明されるまで、HISグループを補助対象から外すのが妥当だろう。 政府の責任も問われる。 所管は国交省だが、実務は観光業界で構成する事務局「ツーリズム産業共同提案体」に委託している。旅行会社などが人材を派遣し、申請書類の審査や支払いの作業にあたっている。いわば仲間内でチェックする構図だ。 書類には利用者名や宿泊日程などを記載するが、裏付けとなる帳簿などを提出する必要はない。 これで公正な審査ができるのだろうか。申請時に見抜くことはできなかったのか、事務局の対応にも疑問が残る。 会計検査院は昨年度決算の検査報告で、GoTo事業の予算執行を政府が十分に監督できていないと指摘した。審査体制に問題を残したままでは、再開しても同じことが繰り返されかねない。問題点を洗い出し、制度を改善することが先決である。 巨費を投じたコロナ対策では、中小企業支援の持続化給付金などでも不正が相次いだ。委託事業者に事務を丸投げするばかりでは、政府は管理責任を果たせない。'}]"
jp_newspapers,"[{'title': '漫画家の白土三平さん死去\u300089歳\u3000「カムイ伝」「忍者武芸帳」', 'text': '「カムイ伝」などで知られる漫画家の白土三平（しらと・さんぺい、本名・岡本登＝おかもと・のぼる）さんが8日、誤嚥（ごえん）性肺炎のため亡くなった。89歳。葬儀は近親者で営んだ。 東京都生まれ。父はプロレタリア画家の岡本唐貴。画家を目指すが、第二次世界大戦後、家計を支えるために旧制中学校を中退、紙芝居…'}]"
jp_newspapers,"[{'title': '外交的ボイコット\u3000五輪、またも政治の渦中\u3000人権問題、米中綱引き', 'text': 'バイデン米政権は、人権問題を理由に北京冬季五輪・パラリンピックの「外交的ボイコット」に踏み切った。中国は「スポーツの政治利用だ」と強く反発する。「平和の祭典」という掛け声とは裏腹に、五輪は再び、政治的な対立の渦に巻き込まれている。米中の衝突が五輪の場でもあらわになった。 「米国が声を上げ行動すれば、世界が耳を傾けてくれる」。米国務省のプライス報道官は6日の記者会見で、中国新疆ウイグル自治区での人権問題について、関心を強めるよう国際社会に呼びかけた。 バイデン政権の念頭にあるのが、9、10両日にオンライン形式で開催する「民主主義サミット」だ。世界の約110の国・地域を招き、専制主義と位置づける勢力からどのようにして民主主義を守り、促進させるかを議論する。民主的な価値を共有する国・地域で結束して中国に対抗する狙いもあり、招待されなかった中国は開催に猛反発している。'}]"
jp_newspapers,"[{'title': '年明けに流れ星みられるの？\u3000しぶんぎ座流星群、4日午前、絶好の条件＝回答・池田知広', 'text': 'なるほドリ\u3000この間、ふたご座流星群を見たよ！\u3000年明けにも流れ星が見られるんだって？ 記者\u3000しぶんぎ座流星群ですね。2022年1月4日午前に最も多くの流星を見られます。12月のふたご座流星群、8月のペルセウス座流星群と並ぶ3大流星群の一つで、他二つと比べるとやや地味ですが、今回は月が出ていないため、国立天文台は「近年まれに見る絶好の観察条件」としています。流星は4日午前1時ごろから見え始め、午前5時台に最も多く見られるので、夜更（よふ）かしか早起きが必要ですね。十分暗ければ1時間に50個ほど見られるかもしれません。'}]"
jp_toxic,"[{'text': 'なめてるな', 'label': 1, 'categories': '迷惑行為', 'all_categories': '卑語 - 差別 - 迷惑行為 - 猥褻 - 出会い・プライバシー侵害 - 違法行為 - 偏向表現'}]"
jp_toxic,"[{'text': 'とんかつできるなら余裕だろ', 'label': 0, 'categories': 'None', 'all_categories': '卑語 - 差別 - 迷惑行為 - 猥褻 - 出会い・プライバシー侵害 - 違法行為 - 偏向表現'}]"
jp_toxic,"[{'text': 'また並ぶか', 'label': 0, 'categories': 'None', 'all_categories': '卑語 - 差別 - 迷惑行為 - 猥褻 - 出会い・プライバシー侵害 - 違法行為 - 偏向表現'}]"
jp_toxic,"[{'text': '合格した途端メガネキャラをあっさり捨てるあたりもな', 'label': 0, 'categories': 'None', 'all_categories': '卑語 - 差別 - 迷惑行為 - 猥褻 - 出会い・プライバシー侵害 - 違法行為 - 偏向表現'}]"
jp_toxic,"[{'text': '作戦もそうだけど打順も組んでもらおう', 'label': 0, 'categories': 'None', 'all_categories': '卑語 - 差別 - 迷惑行為 - 猥褻 - 出会い・プライバシー侵害 - 違法行為 - 偏向表現'}]"
jp_word_sim,"[{'word1': 'やかましく', 'word2': '騒々しく', 'output': 9}]"
jp_word_sim,"[{'word1': '調査した', 'word2': '採取した', 'output': 4}]"
jp_word_sim,"[{'word1': '際立つ', 'word2': '合う', 'output': 2}]"
jp_word_sim,"[{'word1': '境内', 'word2': '寺内', 'output': 6}]"
jp_word_sim,"[{'word1': '示される', 'word2': '表面化する', 'output': 7}]"
jsnli,"[{'label': 'contradiction', 'sent1': '歩道に立って、ギターを弾き、歌を歌っている男性が、ヒントの入れ物を持って立っています。', 'sent2': '男がギターを弾いて、バーのステージで歌っています。'}]"
jsnli,"[{'label': 'neutral', 'sent1': '砂の中の少女は、２匹の黒犬の１匹にボールを渡しています。', 'sent2': '女の子が愛犬にボールを渡しています'}]"
jsnli,"[{'label': 'entailment', 'sent1': '大人と子供の小さなグループは、大きなガラス窓のある部屋にあり、麺棒を使用しています。', 'sent2': '麺棒を使用するために少数の人々が集まっています。'}]"
jsnli,"[{'label': 'entailment', 'sent1': 'カメラを保持している女性。', 'sent2': '女性はカメラを手に持っています。'}]"
jsnli,"[{'label': 'entailment', 'sent1': '３人の若い女性がパレードでカメラにポーズします。', 'sent2': '３人の女性が写真を撮ります。'}]"
kanji,"[{'kanji': '宗', 'meaning': 'Religion, Sect, Denomination, Main Point, Origin, Essence', 'reading_onyomi': 'しゅう, そう', 'reading_kunyomi': 'むね'}]"
kanji,"[{'kanji': '絀', 'meaning': 'Sew, Stitch, Insufficient', 'reading_onyomi': 'ちゅつ, ちゅち', 'reading_kunyomi': 'あか.い'}]"
kanji,"[{'kanji': '稻', 'meaning': 'Rice Plant', 'reading_onyomi': 'とう, て', 'reading_kunyomi': 'いね, いな-'}]"
kanji,"[{'kanji': '譲', 'meaning': 'Defer, Turnover, Transfer, Convey', 'reading_onyomi': 'じょう', 'reading_kunyomi': 'ゆず.る'}]"
kanji,"[{'kanji': '芧', 'meaning': 'Chestnut Oak', 'reading_onyomi': 'ちょ, しょ, よ', 'reading_kunyomi': 'みくり'}]"
keigo_transfer,"[{'not_keigo': '1932年から、チッソ株式会社はたくさんのアセトアルデヒドを生成していた。', 'keigo': '1932年から、チッソ株式会社はたくさんのアセトアルデヒドを生成していました。'}]"
keigo_transfer,"[{'not_keigo': '好きな歌手はカナダの女性ロッカーのアブリルラビンだと言いました。', 'keigo': 'お好きな歌手はカナダの女性ロッカーのアブリルラビンだとおっしゃいました。'}]"
keigo_transfer,"[{'not_keigo': 'だから、今日はバイクを買っちゃいました。格好よくない中古車ですけど、', 'keigo': 'だから、今日はバイクを買ってしまいました。格好よくない中古車ですけど、'}]"
keigo_transfer,"[{'not_keigo': 'でも友達はもしその理由で別れたら彼がかわいそうだと答えました。', 'keigo': 'しかし友達はもしその理由で別れたら彼がかわいそうだと答えました。'}]"
keigo_transfer,"[{'not_keigo': 'そのとき受付の人から「ちなみに大島先生はしばらく日本に戻りましたので、今日から二月まで、授業が代講になりました。」って言われました。', 'keigo': 'そのとき受付の人から「ちなみに大島先生はしばらく日本に戻りましたので、今日から二月まで、授業が代講になりました。」と言われました。'}]"
kuci,"[{'context': '最近、仕事が忙しいので', 'choices': 'a: プールなんて行けない\nb: 自転車にはほとんど乗れず\nc: 海外旅行どころか国内旅行もほとんど行けません\nd: 帰りに秋葉に寄れません', 'labels': 'd'}]"
kuci,"[{'context': 'メールで細かな連絡を頂けたので', 'choices': 'a: ご指導いただければ嬉しい\nb: 結果も当然変わらない\nc: 教えられる方は混乱します\nd: 一切不安はない', 'labels': 'd'}]"
kuci,"[{'context': 'あまり雪が降らないので', 'choices': 'a: 辺りが暗い\nb: 雪景色がなんだか新鮮だ\nc: 道後温泉も近くと、立地は最高だ\nd: 中々洗濯物が乾かなかったりする', 'labels': 'b'}]"
kuci,"[{'context': '狭いアーケードに木の台を並べての商売、冷蔵設備があるわけじゃないので', 'choices': 'a: ポスト投函でのお届けとなります\nb: 珍しくスーツでお出かけすることになります\nc: 汚く見えるのは非常に残念だ\nd: 朝早めに買いに行かないと鮮度がおちる', 'labels': 'd'}]"
kuci,"[{'context': 'もんちゃん一派が作り上げた会社に違いないから', 'choices': 'a: もんちゃんに頭下げるしかない\nb: 十分な計画の下、早めの取り組みが必要だ\nc: 有料レッスンや有料研修を受けなければならない\nd: 従来通りの部分が不出来として目立つ', 'labels': 'a'}]"
kyoto_web_ncf,"[{'word': '利用率向上', 'related': '施設、サービス、発電、水田、申請、機械、ユーザー、輸送、駐輪場、路線'}]"
kyoto_web_ncf,"[{'word': '古民家', 'related': '屋根、時代、日本、茅葺き、作り、沖縄、飛騨、田舎、地方、初期'}]"
kyoto_web_ncf,"[{'word': '建物調査', 'related': '一戸建て、マンション、住宅、事務所、物件、為、事前、民間、戸建、事業'}]"
kyoto_web_ncf,"[{'word': '南東海上', 'related': '日本、北海道、関東、半島、宮古島、九州、諸島、南大東島、本州、沖縄'}]"
kyoto_web_ncf,"[{'word': '発生消長', 'related': '成虫、病害虫、害虫、雑草、油虫類、年間、油虫、稚木、細菌病、ヒシモンヨコパイ'}]"
livedoor_news_corpus,"[{'content': '独身男性が集っている掲示板で、身長の話題になると、手厳しい意見が飛び交うことが多い。身長170cm程度は「背が低い」部類に入り、175cmでも「平均身長」扱いをされる。なお、日本の成人男性の平均身長は20〜40代で、およそ172cm。掲示板の匿名性を考えると、身長を高く見せたい男性が多いと推測できる。 ところで、女性は高身長の男性に対して、どの程度魅力を感じているのだろうか？\u300010人の独身女性にアンケートを依頼したところ、「男性の身長にこだわりを持っている」と回答したのは2人のみ。他は「極端に低いのでなければ気にしない」との意見だった。  瑞穂さん（36歳／161cm）は「身長は努力してもどうにもならないものだから」高さはまったく問わないという。 「身長は遺伝や骨の数などが関係しているそう。顔（造作ではなく表情）や体重は、本人次第で変えられるけど身長は無理。そもそも私自身、身長に対してコンプレックスがないんです。だから相手に求めようという気持ちにはならないのかも」  むしろ「160cm台のほうが好み」なのは、恋多き女性の由美さん（29歳／157cm）。 「背の低い男性の方が、いつも顔が近くにあってイチャつきやすいんですよ（笑）。180cmくらいの人とも付き合ったことがありますが、女性向きのお店に連れて行くとどうしても目立つ。本人も行くのを嫌がっていました。背の低い彼は、うまいこと女性のなかに紛れられるから、抵抗なくどこにでも一緒に行けます」  とある芸能事務所は、ファンに親近感を覚えさせるために身長の低い男性タレントを多数抱えている……という都市伝説もある。  雪江さん（31歳／163cm）も「身長で人を好きになるわけではない。身長よりも、むしろファッションセンスのほうが、自分の中で優先順位は高い」と話す。  「背が高いほうが男らしい、見栄えがするという利点はあります。ただ、身長のマイナス分はファッションで簡単にフォローできる。『アナタ、スタイルがいいのに、なぜそのジャケットにそのキャップを合わせる!?』のような残念な事例は多々ありますから。身長にコンプレックスを感じている男性は、おしゃれのセンスを磨いてはいかがでしょうか？」  一方、「高身長の男性を求める」と回答した少数派の真弓さん（30歳／160cm）は「華奢すぎる男性は、ふざけて体当たりたときなどに、つぶしてしまわないかと心配になる」。  「誰かを好きになる時は、外見で気に入り、中身を知ってさらに好きになるパターンが多い。私は背の高い男性が好みなので、背が低い人は“予選落ち”になっちゃうんです（笑）。できれば175cmは欲しいかな。あと大きい手にも弱いのですが、背の高い人は手の大きい人が多い気がしますね」  そんな真弓さんにしても高身長は絶対条件ではなく、参考資料。「性格や顔など、他にいいところがあれば“敗者復活”はあり得る」そうだ。 「3高」はすでに死語だが、そもそも「高身長」は当初からさほど求められてはいなかったのかもしれない。「高身長」って単なるゴロ合わせか。（来布十和）', 'title': '男の身長、気になる？ 気にならない？', 'category': 'dokujo-tsushin'}]"
livedoor_news_corpus,"[{'content': '8月3日、Panasonic Beauty「ナノケア」新製品発表会がコンラッド東京（東京都港区）で開催され、イメージキャラクターを務める仲間由紀恵さんが出席しました。  トレードマークの美しい黒髪をなびかせて登場した仲間さんは、パナソニックで商品開発に携わる女性社員が結成した「Panasonic Beauty美容部」の部長に就任したことを発表。「忙しい女性たちにもっと美しくなってもらえるよう、みんなで頑張ります」と、力強く宣言しました。  2004年の発売以来、累計で260万台販売とヒットを続ける「ナノケア」シリーズ。新製品3種類を「どれかお試しになりましたか？」と聞かれた仲間さんは、「もちろん全部使わせていただいています。""部長""ですから！」とユーモラスに答えました。温かいスチームを浴びた時のリラックス感、肌が「ぷるぷるっ」とする感じが大好きで、楽屋でも愛用しているとのこと。また、この発表会で初めて実物を見たという「ハンディミスト」をその場で試し、「軽いですね！どこでも使えるのが嬉しいです。ふわっと柔らかいミストが気持ちいい」と感激していました。   ＜ナノケアシリーズ\u30002011年秋の新製品＞ ビューティディレクターの小林ひろ美さんの解説とともに紹介された新製品は、全部で4種類。「おうちで集中エステをしたい」「オフィスでうるおいたい」など、目的に合わせて選ぶことができます。  ■スチーマーナノケア（EH-SA92）\u30009月1日発売\u3000※写真左 広範囲に届く「W温プラチナスチーム」が特長。W温スチームと冷ミストを組み合わせた温冷美容プログラムに加えて、約6分間の「温クイック」コースが追加され、時間のない日でも手軽にケアすることができます。  ■スチーマーナノケア（EH-SA31）\u30009月1日発売 初めてナノケアを使う人にも気軽にトライできる、コンパクトなタイプ。モデルの実演をまじえ、いつものクレンジングにスチームをプラスした「ディープクレンジング」のとっておきテクニックが紹介されました。 ・クレンジングする前に、スチーマーに手をかざして温め、クレンジング剤を肌になじみやすくする ・老化が目立ちやすい「目頭、小鼻の脇、口角のすぐ下」を、中指の腹で「の」の字を書くようにプッシュ ・親指の付け根部分で、頬の筋肉を「の」の字を書くようにマッサージ ・老廃物を排出しやすくするといわれるこめかみのツボをプッシュクレンジングは、美肌には基本。いつものクレンジングの時にこのテクニックを加えるだけで、スペシャルケアができてしまいます。  ■デイモイスチャーナノケア（EH-SN10）\u30009月1日発売 目に見えない水のイオン「ナノイー」でケアするタイプ。AC電源に加えてUSB電源にも対応し、水の補給は不要と、オフィスの机の上に置きやすく、仕事中にもお肌のうるおいをキープすることができます。  ■ハンディミスト（EH-SM30）\u300011月1日発売\u3000※写真左 資生堂とのコラボレーションで誕生した、ミニサイズで持ち運びやすい超音波美容器です。資生堂「アクアレーベルモイスチャーローション(S)」の超音波ミストで、外出先でも手軽にうるおいを補給。  Panasonic Beautyの製品は、現代の女性がどんな美容商品を求めているのか、お客様の声や自分たちの実体験を集めて研究し、企画に活かしているとのこと。お部屋のインテリアになじむデザイン、使っていて嬉しくなるような可愛らしさにも力を入れるなど細かい心配りがされており、忙しくてもお肌や髪をきちんとケアしたい女子の強い味方になってくれそうですね。あなたに合った「ナノケア」で、お仕事しながら、おうちでくつろぎながら、どんどんキレイになっちゃいましょう！  ■関連リンク ・Panasonic Beauty ・Panasonic Beauty美容部 Facebookページ', 'title': '仲間由紀恵″部長″が、忙しい女子をもっとキレイにする「ナノケア」新製品を紹介', 'category': 'peachy'}]"
livedoor_news_corpus,"[{'content': '少女時代の作曲家であるジェニー・ヒュンが人種差別的発言をしたと各メディアが伝えており、ネット上で物議を醸している。  22日配信の朝鮮日報によると、ジェニー・ヒュンは自身のツイッター上で、米国内の黒人に対し「反吐が出る暴力的で傲慢な馬鹿ども」「""人種浄化""が必要だ。人種浄化は世界的要求」「黒人がいない世界を想像してみろ。すべての緊張が解消されるだろう」と黒人に対する罵倒を相次いで書き込んだ。米国内のK-POPファンからは「世の中にこんなおかしな女がいるとは出国させるべき」「米国が嫌いなら日本に行ったらどうだ」など、批判が相次いだこともあわせて報じられた。  この記事を受け、日本のネット掲示板では「なんで日本の名前が出てくるんだよ」「（欧米からは）韓国と日本は同じようなものだと思われている」など、日本の名前が出てきたことや欧米人から日本と韓国が同じようなものだと思われていることに対して不快感を示す意見が多く書き込まれている。  また、「少女時代がこれから米国で活動しようという時にその作曲家がこのような自爆劇を演じるとは」など、ジェニー・ヒュンを非難する声も挙がっているが、現在ジェニー・ヒュンのツイッターアカウントは閉鎖され、彼女の公式ブログには“ジェニー・ヒュンは現在精神疾患を病んでおり病院に入院中”という説明と謝罪文が掲載されている。  ■少女時代の写真ギャラリー  【関連情報】 ・Jenny Hynn (公式サイト) ・少女時代の作曲家が黒人に対し「反吐が出る暴力的で傲慢な馬鹿ども」「人種浄化が必要」とコメント\u3000少女時代も批判受ける (livedoor Blog)', 'title': '少女時代の作曲家が人種差別的発言…少女時代にも批判が飛び火', 'category': 'topic-news'}]"
livedoor_news_corpus,"[{'content': 'Googleと言えばiPhone対抗とも言えるAndroidを出してる総本山です。ライバルということもあり、便利なWebブラウザであるGoogle ChromeのiOS版はリリースされていませんでした。かなり便利なWebブラウザであるChromeをiPhoneで使いたいという人も多かったのではないだろうか。そんな方に朗報！ようやくiPhone向けのChromeが登場しました。こんな人におすすめ： パソコンでChromeを使っている人 こんなときにおすすめ： タブをたくさん開いて検索したいとき    アプリ名：Chrome カテゴリ：ユーティリティ 価格：無料   パソコンではChrome使われている方も多いと思います。ChromeのiPhoneアプリ版が登場しました。これは便利になる予感！  パソコンでChromeを使っていない人はこのアプリをダウンロードしたら、パソコンでもChromeを使いたくなりそう。  無限にタブを開く事ができます。いろいろ調べ物のときには助かりますよね。   同じIDでログインすれば、パソコンとの同期もできちゃいます。 電車の中で見たサイトを家に帰ってからじっくり見ることも可能です。  シークレットモードでアクセスもできたり。こちらは、履歴やCookieに残したくない検索を調べるときに使えそうです。サクサク動くので、iPhoneがますます便利になりましたね。   ■RainbowApps - iPhoneアプリ開発を学ぶ なら1000人が受講したEagleが運営する東京校が一番！ ■成長率 888% 毎日 50万台増える Androidアプリに参入しよう。Androidマスターコース ■人気のAngryBirds風アプリやスーパーマリオ風アプリが簡単に作れちゃう。ゲームアプリコース ■iPhoneの日米人気アプリランキングをチェックするからRainbowApps  ■RainbowAppsの記事をもっと読む', 'title': 'ようやくiPhoneでもChromeが使えるように！【iPhoneでチャンスを掴め】', 'category': 'it-life-hack'}]"
livedoor_news_corpus,"[{'content': '2012年4月22〜28日に紹介したオススメ「iPhoneアプリ」！  先週に引き続き今週もiPhoneアプリ特集をお送りします。オススメなApp Storeからダウンロードできる中で当ブログメディア「S-MAX（エスマックス）」でここ1週間に紹介したアプリを一気に見ていきましょう！  ■あのアプリもこのアプリも欲しい！そんなよくばりさんにオススメ！沢山のアプリがギュッと入った「200+ in 1 : AppBundle!」 App Storeにはゲーム、ビジネス、旅行など数えきれないほどのアプリケーションがありますよね。あのアプリも、このアプリも気になってどんどんダウンロードすると、iPhoneの画面がアイコンだらけになってしまいますよね…。今回紹介する「200+ in 1 : AppBundle!」は1つのアプリですが、アプリを起動してみると「Utilities」、「Games」、「Camera」、「Entertainment」のカテゴリ分けされたアプリがと〜ってもたくさん収録されているんです！ちょっとした暇つぶしゲームからあると便利なアプリ、カメラなどがギュッと詰まっているのでなんだかお得感がありますよ♪では、早速紹介していきたいと思います！   ■アルファベットの筆記体をかっこよく書けるように練習しよう「筆記体を書く」 アルファベットの筆記体を書くのは得意ですか？アルファベットを書く機会は少ないかもしれませんが、綺麗に、かっこよく書けたら嬉しいですよね！今回紹介するiPhone向けアプリ「筆記体を書く」は苦手な筆記体をかっこよくかけるように練習することができますよ♪これからアルファベットを練習する方にもおすすめですよ。では、早速、紹介してみたいと思います。   ■スタイリッシュな画面で天気を確認しよう！「天気°」 毎日確認する天気予報画面をちょっとかっこよくしてみませんか？時刻と天気に合わせたアニメーションがとっても綺麗でかっこいいクールなiPhone向け天気アプリ「天気°」を紹介したいと思います。このアプリは3種類のウィジェットから好みのタイプが選べるようになっているほか、好みで表示内容を変更することができるAndroidでよく見かける天気アプリ風になっています。iPhoneで天気予報を見るときにちょっとかっこいい画面で確認してみてはいかがでしょうか。では、早速、紹介していきたいと思います。   ■楽しい旅行のお供には美味しい駅弁を食べよう！「駅弁なび」 もうすぐゴールデンウィークがやってきますね！家族や恋人、友達と旅行の計画を立てているという人も多いかと思います。東海道新幹線を利用して旅行計画を立てている方におすすめのiPhone向けアプリを紹介したいと思います。そのアプリは「駅弁なび」です！せっかくの楽しい旅行にはちょっと贅沢をして美味しい駅弁を食べてみたいと思いませんか？どの駅でどの駅弁が食べられるのかが分かるので事前にチェックして美味しい駅弁をたべちゃいましょう。仕事で出張の人も駅弁なびでおいしそうな駅弁を食べてちょっとほっこりしてみてはいかがでしょうか。では、どんな美味しそうな駅弁があるのかチェックしてみたいと思います！   記事執筆：S-MAX編集部  ■関連リンク ・エスマックス（S-MAX） ・エスマックス（S-MAX） smaxjp on Twitter', 'title': '【今週のオススメ「iPhoneアプリ」特集：2012年4月22〜28日編】', 'category': 'smax'}]"
massive,"[{'utt': '連絡先から裕子を除く', 'annott_ut': '連絡先から [person : 裕子] を除く', 'slot_method': ['person']}]"
massive,"[{'utt': 'mcdonalds で注文して', 'annott_ut': '[business_name : mcdonalds] で注文して', 'slot_method': ['business_name']}]"
massive,"[{'utt': '来月の芝生の手入れの予約を消す', 'annott_ut': '[date : 来月] の [event_name : 芝生の手入れの予約] を消す', 'slot_method': ['event_name', 'date']}]"
massive,"[{'utt': '最新のビジネスニュースを教えて', 'annott_ut': '最新の [news_topic : ビジネス] ニュースを教えて', 'slot_method': ['news_topic']}]"
massive,"[{'utt': '家の照明を青色に変えて', 'annott_ut': '[house_place : 家] の照明を [color_type : 青色] に変えて', 'slot_method': ['house_place', 'color_type']}]"
mcconala,"[{'intent': 'エラー\u3000画像を自動でしきい値を決めて2値化したい。大津のアルゴリズム', 'rewritten_intent': ""画像'file.png'をグレースケールで読み込む"", 'snippet': ""img = cv2.imread('file.png', 0)""}]"
mcconala,"[{'intent': 'pythonのPandasデータフレームから、所定の辞書型に変換する方法を教えてください。', 'rewritten_intent': 'データフレームを辞書型オブジェクトに変換する', 'snippet': 'df.to_dict()'}]"
mcconala,"[{'intent': 'dataframeに含まれる、文字列中の数字を取り出したい', 'rewritten_intent': 'データフレーム`df`の列ラベル`x`の各行のデータに対して正規表現`pat`を適用する', 'snippet': 'df.x.str.extract(pat)'}]"
mcconala,"[{'intent': '特定の文字列が含まれている行だけを抽出する方法を伺いたいです', 'rewritten_intent': '行`col_name`に特定の文字列`string`を含む行をデータフレーム`df`から抽出する', 'snippet': ""df[df['col_name'].str.contains('string')]""}]"
mcconala,"[{'intent': 'Python3でnumpyを用いてエラーが出ます', 'rewritten_intent': '少数点にコンマが使われているファイル`arena.txt`を読み込む', 'snippet': ""df = pd.read_csv('arena.txt', header=None, delim_whitespace=True, decimal=',')""}]"
mgsm,"[{'question': 'ジョッシュは不動産の売買に挑戦してみることにしました。8万ドルで家を購入し、5万ドルかけて修繕しました。その結果、家の価格は150%分増えました。ジョッシュの利益はいくらでしょうか？', 'answer': None, 'answer_number': 70000, 'equation_solution': None}]"
mgsm,"[{'question': 'アンドリューはニュージャージーからロチェスターまで車で旅行しようと計画しています。バスで移動すれば6日間かかり、車で移動すればその半分の日数で済みます。ロチェスターまでバスで移動し、ニュージャージーまで車で帰ってきたとしたら、何日間かかるでしょうか？', 'answer': None, 'answer_number': 9, 'equation_solution': None}]"
mgsm,"[{'question': 'ジャッキーは自分で税金を処理するか、会計士を雇おうか決めようとしている。自分で行えば、彼女は3時間フリーランスの仕事を減らし、1時間に35ドルが失われる収入となる。会計士は90ドルかかる。会計士を雇えば、彼女は後いくら得ることができるか？', 'answer': None, 'answer_number': 15, 'equation_solution': None}]"
mgsm,"[{'question': 'ジャネットは娘にブローチを買う。彼女はそれを作る材料に$500払い、それから$800を宝石商に作ってもらうために払った。その後、彼女はそれに10%の保険をかけた。彼女はいくら支払った？', 'answer': None, 'answer_number': 1430, 'equation_solution': None}]"
mgsm,"[{'question': 'グリフィンはフライドポテトを24本もっていましたが、カイルがそのうち5本を取りました。ビリーはカイルの2倍の数を取りました。ジンジャーはグリフィンに何本かあげましたが、コルビーがカイルより3本少ない数のフライドポテトをグリフィンから取りました。最終的にグリフィンが27本のフライドポテトをもっていた場合、ジンジャーがグリフィンにあげた数は何本ですか？', 'answer': None, 'answer_number': 20, 'equation_solution': None}]"
miracl,"[{'query': '水戸学を推進した藩主は誰ですか？', 'passages': 'Passage 1: テュレーン大学の数学教授であったウィリアム・ベンジャミン・スミス（1850-1934）は、1894年の""Ecce Deus: The Pre-Christian Jesus""から1954年の""The Birth of the Gospel""までの一連の著書の中で、最初期のキリスト教資料(特にパウロ書簡集)は、キリストの聖性について人間個人の犠牲に重点を置いており、人間としてのイエスが存在したとするならこれは考えにくいことであると主張した。よってスミスはキリスト教の起源はキリスト教以前のイエス教派にあると主張した。言い換えれば、あるユダヤ教の教派は人間のイエスが生まれたとされている時代の数世紀前から、神聖な存在としてのイエスを崇拝していたのである。この教派の証拠としてはローマのヒッポリュトスによるナアセノス()への言及、およびサラミスのエピファニウス()の言及、さらには使徒行伝の一部にもキリスト以前に存在したナザレ派について書かれたものがある。新約聖書中の歴史的記録とされている部分は、キリスト以前のイエス物語をもとに、初期キリスト教のコミュニティによって作られたものだとした。 \nPassage 2: キリスト教は紀元後7世紀には既に存在していた。そして、数百年間強い存在感を示したり、数百年にわたって衰退したり、再び受容したりするというサイクルを何回も経験した。唐の初期の635年にペルシャ人宣教師の阿羅本が到着したのが、最初のキリスト教伝来と考えられている。西洋人がネストリウス派と呼ぶものが数百年にわたって繁栄したが、唐の武宗が反宗教政策を845年に採用し、仏教やキリスト教、ゾロアスター教を追放して膨大な資産を没収した。キリスト教が再び伝来したのはモンゴル族が興こした元の時代の13世紀であり、モンゴル人がネストリウス派キリスト教と宗教として復活させて、1294年のフランシスコ会宣教師などローマ教会との交流も始まった。漢身族の明王朝が元王朝を倒すと、キリスト教徒は再び中国から追放された。 \nPassage 3: キリスト教とは何か、聖典である『聖書』の範囲がどこまでかは、「キリスト教」を名乗る教団の中でも定義は一定していない。そこで本項では、キリスト教を自称する教派・教団を網羅的に取り扱うものとし、紀元後1世紀前半からはじまるその歴史を、近代に到るまで概観する。近代以降の展開については「キリスト教」の頁の「近代以降のキリスト教の展開」の節を参照。', 'correct': 'キリスト教とは何か、聖典である『聖書』の範囲がどこまでかは、「キリスト教」を名乗る教団の中でも定義は一定していない。そこで本項では、キリスト教を自称する教派・教団を網羅的に取り扱うものとし、紀元後1世紀前半からはじまるその歴史を、近代に到るまで概観する。近代以降の展開については「キリスト教」の頁の「近代以降のキリスト教の展開」の節を参照。', 'num_correct': 3}]"
miracl,"[{'query': 'テキサス独立戦争の「アラモの戦い」の名前の由来は何？', 'passages': 'Passage 1: この年、ベアーズのスター選手のレッド・グランジの契約問題をきっかけとして、ライバルリーグのAFL（通称「AFLⅠ」）が設立されたことから、NFLは対抗措置として、マルーンズの再加入や積極的なリーグ拡張を行い、22チーム（3減5増）でシーズンを行った。草創期のNFLではこの年が最大のチーム数であり、プロフットボールのチーム数が再び22チームに達したのは1961年である（合併前のAFLを含む）。NFLとAFLⅠの競争により、両リーグとも経済的に疲弊し、AFLⅠは1シーズン限りで解散したが、NFLも翌年に多くのチームがリーグを去ることになった。なお、グランジ出場の試合だけはAFLⅠで多くの観客を動員していたため、グランジがプレーしたAFLⅠのニューヨーク・ヤンキースは、翌年からNFLへの参入が認められた。 \nPassage 2: 現在のNFLは32チームにより編成されており、アメリカン・フットボール・カンファレンスとナショナル・フットボール・カンファレンスの二つのカンファレンスに16チームずつが所属している。さらに各カンファレンスには東、北、南、西の4つの地区があり、各地区に4チームずつが所属している。試合形式は9月から12月もしくは1月にかけて行われるレギュラーシーズンで各チームが16試合を戦い、各カンファレンスの上位6チームが1月に行われるプレーオフに進出し、一発勝負のトーナメント方式でカンファレンス優勝を争う。各カンファレンスで優勝したチームは、2月上旬に行われるリーグ優勝決定戦のスーパーボウルに出場し、その試合の勝利チームがNFLの年間王者となる。また、オールスターゲームであるプロボウルはスーパーボウルの前週に開催される。 \nPassage 3: 現在のチームは1999年に再度設立されたもの。これは1996年に旧ブラウンズのボルチモア移転が当時のオーナーのアート・モデルによって決定された際にファンの反対によって愛称や歴史などチームのロイヤリティはクリーブランド市に残され、その後新チームが「ブラウンズ」を引き継ぐ形で設立されたため。このエクスパンションによってNFLは全31チームとなり、それが現在の32チーム体制につながった。NFL32チームの中で唯一チームロゴを持たないため、ヘルメットは中央部に茶色と白のストライブが入ったオレンジ色の無地となっている。NFLの公式サイトなどでも、他のチームがロゴマークで表されているところではブラウンズはヘルメットの絵となっている。1980年代までは地区優勝もするなど強豪であったが90年代から特に2000年代以降は「万年地区最下位」であり苦しいチーム状況である。', 'correct': '現在のNFLは32チームにより編成されており、アメリカン・フットボール・カンファレンスとナショナル・フットボール・カンファレンスの二つのカンファレンスに16チームずつが所属している。さらに各カンファレンスには東、北、南、西の4つの地区があり、各地区に4チームずつが所属している。試合形式は9月から12月もしくは1月にかけて行われるレギュラーシーズンで各チームが16試合を戦い、各カンファレンスの上位6チームが1月に行われるプレーオフに進出し、一発勝負のトーナメント方式でカンファレンス優勝を争う。各カンファレンスで優勝したチームは、2月上旬に行われるリーグ優勝決定戦のスーパーボウルに出場し、その試合の勝利チームがNFLの年間王者となる。また、オールスターゲームであるプロボウルはスーパーボウルの前週に開催される。', 'num_correct': 2}]"
miracl,"[{'query': 'ウナギの養殖では、何を餌に使っていますか。', 'passages': 'Passage 1: 俳優として知られたグラフは、1950年にオハイオ州に生まれる。その後演劇に興味を持ち始め、オハイオ州の大学で演劇を専攻。その後オハイオ州立大学へも通うが、仕事に専念するために中退している。1979年にパティ・デュークらと共にテレビ番組へ出演。1980年以後は、徐々にテレビドラマなどへ出演してキャリアを重ねていく。 \nPassage 2: ロバート・ジェミソン・ヴァン・デ・グラフ（Robert Jemison Van de Graaff、1901年12月20日 - 1967年1月16日）は、アメリカタスカルーサ出身の物理学者。1929年に静電発電機の一種であるヴァンデグラフ起電機を発明したとして名高い。 \nPassage 3: オハイオ州ウォーレンで生まれる。母親は教師で、父親であるJames Harper Grohlは当時、記者を務めていた。幼少期にバージニア州スプリングフィールドを経てワシントンD.C.へ移る。ワシントンD.C.に転居してから3年後に両親が離婚し、姉と共に母に引き取られる。\n12歳の時にギターを始める。数年後、熱烈なパンク・ロックファンであった従兄弟の影響でパンクに目覚める。その後、友人とバンドを結成し最初はギターを担当していたが、しばらく後にドラムに転向する。13歳の時にシカゴのThe Cubby Bearにて、初コンサートを行った。\nバージニア州のトーマス・ジェファーソン高校へ入学。しかし、過度の大麻吸引をしていた為、母親によってカトリック系のビショップ・アイルトン高校へと転入させられる。2年間は在籍していたものの、バージニア州のアナンデール高校へと転入した。\n高校生活の間に、グロールは幾つかの地方バンドで演奏していた。Freak Babyというバンドでの活動中、ベースメンバーが脱退したのを契機に、ドラマーへと転向した。これを契機にFreak Babyはバンド名をMission Impossibleへと改名し、グロールはバンドの再建に努めた。', 'correct': 'ロバート・ジェミソン・ヴァン・デ・グラフ（Robert Jemison Van de Graaff、1901年12月20日 - 1967年1月16日）は、アメリカタスカルーサ出身の物理学者。1929年に静電発電機の一種であるヴァンデグラフ起電機を発明したとして名高い。', 'num_correct': 2}]"
miracl,"[{'query': 'カール・マルクスの共産党宣言の共著者は誰？', 'passages': 'Passage 1: 広島県尾道市久保町出身。実家は『東京物語』の撮影が行われた浄土寺の近くで、田坂啓の家も近所にあった。父は種子島出身で、足が悪く、苦学して33歳で京都大学法学部を卒業した弁護士だった。旧制尾道中学校（現・広島県立尾道北高等学校）在学中に学制改革を経験するが、男女共学化に反対して岡山県立岡山朝日高等学校に転校。しかし翌年秋からここも共学化されるのを知り、同校を2年生の夏に中退。大学入学資格検定を受けて同級生よりも1年早く広島大学に入学したがまた中退して、東京大学文学部独文学科に入学した。東大在学中から、同期の種村季弘、吉田喜重らと「同人誌」を刊行。 \nPassage 2: 兵庫県神戸市出身。\n「なにがなんでも阪神ファン」でデビュー後、近代麻雀、モーニング、漫画アクション、ヤングマガジンアッパーズなどに作品を連載する。 \nPassage 3: 押川 春浪（おしかわ しゅんろう、1876年（明治9年）3月21日 - 1914年（大正3年）11月16日）は日本の冒険小説作家、SF作家。愛媛県出身、本名は方存（まさあり）。冒険小説のジャンルを定着させ、雑誌『冒険世界』『武侠世界』で主筆を務めて多くの後進の作家、画家育成に尽力した。', 'correct': '兵庫県神戸市出身。\n「なにがなんでも阪神ファン」でデビュー後、近代麻雀、モーニング、漫画アクション、ヤングマガジンアッパーズなどに作品を連載する。', 'num_correct': 2}]"
miracl,"[{'query': 'ケルト神話は多神教？', 'passages': 'Passage 1: 1952年、ジェイコブ・タルモンはルソーの一般意志が、国家が理論上は瑕疵がないとする多数派の意志の執行者となって国民を服従させるといった、全体主義的な民主主義を導いたと論じた。別の批判者としては、自由主義者のカール・ポパーも同様にルソーを批判したが、その上でバートランド・ラッセルは次のように警告した。「一般意志という思想は、投票箱を必要とせず、指導者に対する国民の不可解な帰属意識を可能にさせた」。他の著名な批判者としては、アイザイア・バーリンがおり、一般意志への服従を前提としたルソーの自由社会は、自由という名のもとで抑圧を正当化する全体主義の指導者の存在を許し、ルソーを「人類の思想の歴史の中で最も邪悪で恐ろしい敵の一つだ」と評した。 \nPassage 2: 20世紀においては国民国家とそれに伴う階級社会が転換することになり、少数民族や人権問題の出現、大衆社会の成立が認められる。国内政治において政党が代表していた階級社会が消失したために、政党によっても代表されない孤立化した大衆が表面化したのである。ソ連について言えば、スターリンが集団農業化と有産階級の撲滅により個々を孤立無援にすることで、大衆社会を成立させたとする。この大衆は自らの政治的発言を階級政党とは別の政治勢力として集約しようと試み、プロパガンダを活用する全体主義運動を支持することになった。全体主義は大衆の支持を維持するために、また全体主義が体制として機能するためにはテロルとイデオロギーが重要である。テロルは法の支配によって確立されていた自由の領域を排除し、イデオロギーは一定の運動へと強制することで全体主義を制度化した。全体主義体制が問題であるのは、「個人性をまったく殲滅するようなシステムをつくること」にある。 \nPassage 3: アーレントは1906年にドイツのハノーファーで生まれた政治学者である。1933年にナチ党が政権を掌握してからフランスへ亡命して政治活動に関わるが、1941年にフランス進攻があるとアメリカへ亡命して大学での教育に従事する。この著作では19世紀から20世紀にかけてイタリアやドイツで出現した全体主義についての論考が行われている。この著作は1951年に発表された研究であり、第1部の『反ユダヤ主義』、第2部の『帝国主義』、そして第3部の『全体主義』の三部から構成されている。', 'correct': 'アーレントは1906年にドイツのハノーファーで生まれた政治学者である。1933年にナチ党が政権を掌握してからフランスへ亡命して政治活動に関わるが、1941年にフランス進攻があるとアメリカへ亡命して大学での教育に従事する。この著作では19世紀から20世紀にかけてイタリアやドイツで出現した全体主義についての論考が行われている。この著作は1951年に発表された研究であり、第1部の『反ユダヤ主義』、第2部の『帝国主義』、そして第3部の『全体主義』の三部から構成されている。', 'num_correct': 3}]"
mkqa,"[{'queries': '占星術師は普段何時にその日の仕事を始めましたか', 'answers': '正午'}]"
mkqa,"[{'queries': ""Let's Marvin Gaye and get it on. の歌手は誰ですか？"", 'answers': 'チャーリー・プース'}]"
mkqa,"[{'queries': 'テレビシリーズで逃亡者の役を演じたのは誰ですか', 'answers': 'デビッド・ジャンセン'}]"
mkqa,"[{'queries': 'シスコはロックシティは、いつ発表されましたか', 'answers': '1985-08-01'}]"
mkqa,"[{'queries': 'インディ500は何周?', 'answers': '200.0'}]"
mr_tydi,"[{'query': 'ヤン・コハノフスキはいつ生まれた？', 'passages': 'Passage 1: コハノフスキの生涯において、1559年から1563年にかけては不明瞭なところが多い。所蔵されている法的文書に基づいてつきとめることができるのは、1559年7月11日に詩人の両親の遺産が兄弟との間で分割されたということである。ヤン・コハノフスキが受け継いだのはチャルノラス（Czarnolas）の半分、ルダ（Ruda）、製粉所、いわゆるグロツカ川沿いの放魚池及びその他の付属物であった。チャルノラスのもう半分はおじにあたるフィリップが受け取った。一方、兄弟たちはポーランド通貨で400フローレンもの補償金を詩人に支払わせた。1560年3月25日、フィリップとヤンの間に協定が交わされ、相続した所有地を合計400フローレンで眷属に賃貸しすることとなった。受け取った金銭で兄弟への負債を支弁した。1562年12月12日には、おじと義理の息子の間に諍いが起こり、ピョトルクフにある議会の王立裁判所に持ち込まれている。 \nPassage 2: 国では屋敷、とりわけタルノフスキ、テンチンスキ、ヤン・フィルレイ（貴族でカルヴァン派の活動家）、クラクフ司教フィリプ・パドニェフスキらの館に滞在していた。大臣ピョトル・ミシコフスキの支援のおかげでアウグスト・ジグムント2世の屋敷に行き着いたのは1564年頃で、そこでは王室秘書と称せられていた。ミシュコフスキのおかげでまた教会の受給聖職、すなわちキチン教区（ポズナン大聖堂の修道院長の機能と結びついている）とズヴォレンの司祭館を手に入れた。 \nPassage 3: ヤン・コハノフスキ（Jan Kochanowski、1530年 - 1584年8月22日 ルブリン）はルネサンス時代のポーランドの詩人、王室秘書官。折衷主義哲学（ストア主義、エピクロス主義、ルネサンス期の新プラトン主義、そして古代とキリスト教を結びつけた神への深い信心の融合）の代表的な人物でもある。', 'correct': 'ヤン・コハノフスキ（Jan Kochanowski、1530年 - 1584年8月22日 ルブリン）はルネサンス時代のポーランドの詩人、王室秘書官。折衷主義哲学（ストア主義、エピクロス主義、ルネサンス期の新プラトン主義、そして古代とキリスト教を結びつけた神への深い信心の融合）の代表的な人物でもある。', 'num_correct': 3}]"
mr_tydi,"[{'query': 'おもちゃ会社タカラの創始者は誰？', 'passages': 'Passage 1: 1955年 - 東京都葛飾区本田宝木塚町(現・宝町)にて、佐藤安太が<b data-parsoid=\'{""dsr"":[2394,2413,3,3]}\'>有限会社佐藤ビニール工業所</b>を設立。社名は創業地名（宝</b>木塚町）に由来する。 1959年 - 佐藤ビニール工業所、有限会社から株式会社に改組 1960年 - 株式会社宝ビニール工業所に改称 1961年 - 株式会社タカラビニール工業所に改称 1966年 - 株式会社タカラに改称 1984年 - 店頭市場（現在のジャスダック）に株式公開 1986年 - 東京証券取引所第二部に上場 1991年 - 東京証券取引所第一部に上場 1993年 - 福島県田村郡小野町にタカラ福島工場を前身とするリカちゃんキャッスルがオープン 2000年 - コナミ（後のコナミホールディングス）と資本提携 2001年 - ハズブロとの包括的企業提携 2002年 - チョロQモーターズを設立、電気自動車の製造・販売を開始 2003年 - アトラスと資本提携、アトラスを連結子会社とする。またタカラのゲームソフトウェア事業を分割しアトラスに譲渡する。 2003年 - ブロッコリーと資本提携。 2005年 - コナミ保有のタカラ株式全株がインデックス（旧法人）に売却される。これに伴い、コナミとの資本提携が解消され、インデックスの傘下となる。ただしコナミとの業務提携は継続される。 2005年 - 竜の子プロダクションを買収。 2005年 - ガンホー・オンライン・エンターテイメントと業務提携、同時にタカラの保有するブロッコリー株式の19.5%（380万株）をガンホーに売却、残りの保有株式31.8%（620万株）もアジアングルーヴと傘下の投資事業組合に売却。 2006年 2月 - リカちゃんキャッスルを運営するタカラいわき工業の株式を、タカラいわき工業（後のリトルファクトリー）へMBO方式で譲渡。 3月1日 - トミーと合併し、商号を「タカラトミー」に変更。 \nPassage 2: アニメーションでは、映画、遊園地、子供番組、教育放送などで吹き替え声優として日本で活躍している。1995年にケルソーは世界中を旅する皮肉屋のマイクのおもちゃミスター・マイクがライブで対話する際の吹き替えやCGの動作なども手がけている。著名なイベントであるスイス・ジュネーブでの「 」やシンガポールで開催された「アジアテレコム 97」などにも出演した。学研による「ドラえもん」の英語版の吹き替えも行なった。ディズニー映画『ムーラン』の日本語トレイラーの声、東京ジョイポリスでのドリームワークスのアトラクションであるワイルドリバー・スプラッシュVRシミュレーターのガイド役として参加している。ユニバーサル・スタジオ・ジャパンにおいては、ウッディー・ウッドペッカーの声としてケルソーの声を耳にすることができる。 \n2002年、「ゾイドフューザーズ」では数役を担当した。2006年、トミーとタカラが合併（タカラトミー）したすぐ後、新たに発表された「世界で最も小さな人型の量産ロボット」としてギネス世界記録に認定されたオムニボット2007・i-SOBOT(アイソボット)に声を提供している。 \nPassage 3: 1997年頃より徐々に米国や日本のおもちゃメーカーの玩具に搭載されはじめ、アプリケーションは200種類以上にのぼる。代表的な製品は、エポック社の「体感ゲーム」シリーズ（2000年～）、タカラから発売されたe-kara、ポピラなどの「Plug It!」シリーズ（2000年～）、トミーの「テレビで遊び隊」シリーズ（2001年～）、スクウェア・エニックスから発売された『剣神ドラゴンクエスト 甦りし伝説の剣』（2003年）、バンダイの「Let\'s! TV プレイ」シリーズ（2004年～）、などがあげられる。', 'correct': '1955年 - 東京都葛飾区本田宝木塚町(現・宝町)にて、佐藤安太が<b data-parsoid=\'{""dsr"":[2394,2413,3,3]}\'>有限会社佐藤ビニール工業所</b>を設立。社名は創業地名（宝</b>木塚町）に由来する。 1959年 - 佐藤ビニール工業所、有限会社から株式会社に改組 1960年 - 株式会社宝ビニール工業所に改称 1961年 - 株式会社タカラビニール工業所に改称 1966年 - 株式会社タカラに改称 1984年 - 店頭市場（現在のジャスダック）に株式公開 1986年 - 東京証券取引所第二部に上場 1991年 - 東京証券取引所第一部に上場 1993年 - 福島県田村郡小野町にタカラ福島工場を前身とするリカちゃんキャッスルがオープン 2000年 - コナミ（後のコナミホールディングス）と資本提携 2001年 - ハズブロとの包括的企業提携 2002年 - チョロQモーターズを設立、電気自動車の製造・販売を開始 2003年 - アトラスと資本提携、アトラスを連結子会社とする。またタカラのゲームソフトウェア事業を分割しアトラスに譲渡する。 2003年 - ブロッコリーと資本提携。 2005年 - コナミ保有のタカラ株式全株がインデックス（旧法人）に売却される。これに伴い、コナミとの資本提携が解消され、インデックスの傘下となる。ただしコナミとの業務提携は継続される。 2005年 - 竜の子プロダクションを買収。 2005年 - ガンホー・オンライン・エンターテイメントと業務提携、同時にタカラの保有するブロッコリー株式の19.5%（380万株）をガンホーに売却、残りの保有株式31.8%（620万株）もアジアングルーヴと傘下の投資事業組合に売却。 2006年 2月 - リカちゃんキャッスルを運営するタカラいわき工業の株式を、タカラいわき工業（後のリトルファクトリー）へMBO方式で譲渡。 3月1日 - トミーと合併し、商号を「タカラトミー」に変更。', 'num_correct': 1}]"
mr_tydi,"[{'query': '桂 銀淑はいつ生まれた？', 'passages': 'Passage 1: 第1図の要領で▲4五桂と歩頭に桂を捨てるのがこの戦法の急所であり、居飛車側の陣形は図のような5七銀左型の舟囲いである必要はない。以下、△4五同歩▲3三角成△同桂▲2四歩として居飛車が桂損ながら飛車先を突破する。なお、▲4五桂に対して△5一角と逃げられる場合(4一飛型など)や△1五角と逃げる手が△3七角成の先手となる場合（左銀ではなく右銀を5七に活用している場合など）、▲3三角成に△同銀と飛車先を受けながら取り返せる場合など4三銀型以外には仕掛けが成立しない。 \nPassage 2: 桂 銀淑（ケイ ウンスク、韓国語：계은숙、1961年7月28日 - ）は、韓国ソウル市永東出身の女性演歌歌手である。ジャンルは演歌に分けられているが、曲調はド演歌ではなく、歌謡曲やバラードに分類される。独特なハスキー・ヴォイスで数々のヒット曲を飛ばし、多くの音楽賞を受賞。 \nPassage 3: 初手▲7六歩から始まり、△8四歩▲2六歩△3二金▲7八金△8五歩▲7七角△3四歩▲8八銀△7七角成▲同銀△4二銀と角換わりに。その後▲3八銀△7二銀▲4六歩△6四歩▲4七銀△6三銀▲6六歩△5二金▲5八金△4一玉▲6八玉△5四銀▲5六銀△3一玉▲7九玉△1四歩▲1六歩△9四歩▲9六歩△7四歩▲3六歩△4四歩▲3七桂△7三桂▲2五歩△3三銀（図2）と進む。ここから▲8八玉△2二玉（図1）の後に、先手が▲4五歩の突き捨てから戦端を開く。', 'correct': '桂 銀淑（ケイ ウンスク、韓国語：계은숙、1961年7月28日 - ）は、韓国ソウル市永東出身の女性演歌歌手である。ジャンルは演歌に分けられているが、曲調はド演歌ではなく、歌謡曲やバラードに分類される。独特なハスキー・ヴォイスで数々のヒット曲を飛ばし、多くの音楽賞を受賞。', 'num_correct': 2}]"
mr_tydi,"[{'query': '声優という職業はいつからありますか？', 'passages': 'Passage 1: 山田は生前、「『声優』という職業は存在せず、99%『役者』の仕事の1つに『声優業』という仕事内容がある」と語っており、「『声優業』とは『役者』の仕事の1つである」というスタンスを徹底的に守っていた。山田のもとには、「声優になりたい」という人が多くやってきたが、山田は「声優になりたいと思うのならやめなさい。でも、役者になりたいのなら、やってみてもいいかもね」と返答していた。この言葉には、「声優業とは役者の一部分。一部分を目指すだけでは成功しない」という意味がこめられており、山田の役者としての誇りが窺えるエピソードである。また、新人に対する指導の際は「声優を目指すな、役者を目指せ。演技は全身でするものだ。それでこそ『声優業』も活きてくるんだ」という言葉が口癖だったという。 \nPassage 2: 1925年3月、NHKの前身である社団法人東京放送局がラジオ放送を開始。そのわずか1カ月後に「映画劇せりふ」の番組内でサイレント映画『大地は微笑む』のセリフ劇が放送された。この時の声の出演は新派劇俳優の井上正夫、女優の栗島すみ子などであった。専門職としてではないが、実質的に彼らが「日本で最初の声優」である[21][注 7]。同年7月には舞台中継をスタジオで再現した『桐一葉』（出演：中村歌右衛門 (5代目)など）、さらに日本初の本格的なラジオドラマとして『大尉の娘』（出演：井上正夫、水谷八重子）が放送される。同年9月、東京放送局は声だけで演技を行う専門の俳優としてラジオドラマ研究生を公募。百余名の応募者のうち12名の女性が選ばれ、11月にラジオドラマ『太っちょう』に声をあてる。声優の歴史に関する多くの資料では彼女たちが「日本の声優第1号」とみなされている。この当時は新聞では「ラヂオ役者」と呼称していた。初期のラジオドラマには汐見洋や東山千栄子ら築地小劇場の俳優が多く出演していた[22]。また、この頃（主に1930年代）活躍していた者として舞台女優の飯島綾子が挙げられる。彼女はラジオドラマの他に日本舞踊家や歌手（流行歌・歌謡曲・童謡オペレッタ）としても多彩な活動をしていた。 \nPassage 3: 高校1年生の頃、アニメ『機動警察パトレイバー』に熱中し、関連本やアニメ雑誌などを購入した。それらの本から声優を職業として認識し、声だけでいろいろな役が演じられることに興味を持つ。もともと幼い頃から歌手への憧れがあり、ヒロイン役の声優がエンディングテーマを歌っていたことを知ると、「声優になれば歌も歌えるんだ」と思ったことが決め手となり声優を志す。機動警察パトレイバーを視聴したから「声優を目指したともいえます」としている。また、同時期のテレビアニメ『魔神英雄伝ワタル2』も影響を受けた作品に挙げており、主題歌を歌うコンテストにも参加している。', 'correct': '1925年3月、NHKの前身である社団法人東京放送局がラジオ放送を開始。そのわずか1カ月後に「映画劇せりふ」の番組内でサイレント映画『大地は微笑む』のセリフ劇が放送された。この時の声の出演は新派劇俳優の井上正夫、女優の栗島すみ子などであった。専門職としてではないが、実質的に彼らが「日本で最初の声優」である[21][注 7]。同年7月には舞台中継をスタジオで再現した『桐一葉』（出演：中村歌右衛門 (5代目)など）、さらに日本初の本格的なラジオドラマとして『大尉の娘』（出演：井上正夫、水谷八重子）が放送される。同年9月、東京放送局は声だけで演技を行う専門の俳優としてラジオドラマ研究生を公募。百余名の応募者のうち12名の女性が選ばれ、11月にラジオドラマ『太っちょう』に声をあてる。声優の歴史に関する多くの資料では彼女たちが「日本の声優第1号」とみなされている。この当時は新聞では「ラヂオ役者」と呼称していた。初期のラジオドラマには汐見洋や東山千栄子ら築地小劇場の俳優が多く出演していた[22]。また、この頃（主に1930年代）活躍していた者として舞台女優の飯島綾子が挙げられる。彼女はラジオドラマの他に日本舞踊家や歌手（流行歌・歌謡曲・童謡オペレッタ）としても多彩な活動をしていた。', 'num_correct': 2}]"
mr_tydi,"[{'query': '古代ギリシャに計算は存在した？', 'passages': 'Passage 1: このように、ギリシャ人を定義付けるのはかなり困難であるが、彼らがギリシャ人であるという基本概念はミケーネ文明以来、その文化の中核を担ってきた人々がギリシャ人の子孫であるという意識を持っていたということが存在する。古代ギリシャの人々は各地に殖民を行い、他の人々（例としてフェニキア人）などと交流してきたが、この中でギリシャ人という意識が芽生えたことにより、ギリシャ人のアイデンティティが形成され、ローマ帝国やオスマン帝国占領下においても『我々はギリシャ人』という民族意識が保たれ、現在のギリシャ人へと繋がっている。 \nPassage 2: アンティキティラ島の機械（アンティキティラとうのきかい、, ）は、アンティキティラ島近海の沈没船から発見された古代ギリシア時代の遺物で、天体運行を計算するため作られた歯車式機械であると推定されている[1][2]。 \nPassage 3: 古代文明においては、古代エジプトで発達したとされている太陽暦が、古代ローマのユリウス暦を経てヨーロッパで採用され、今日の世界においても広く採用されているグレゴリオ暦のルーツとなったが、実際に太陽暦を用いた文明は他にマヤ文明など少数に属し、古代中国・古代メソポタミア・古代ギリシャなどでは太陰太陽暦が採用されていた。太陰太陽暦は新月の日（朔日）が1日・満月の日が15日となり、再び新月になった時点でその月が終わるという一見すると分かりやすい暦ではあったが、その一方で平均朔望月が29.5306日に対して、平均太陽年は365.2422日であり、実際の1年間に月は12.3683回満ち欠けを繰り返す計算となり、その調整のために何年に1度か特別に閏月を挿入して1年を13ヶ月として調整する必要が生じたが、そのタイミングを定める規則（置閏法）の決定には複雑な計算を要した。そのために、より実際の1年間とのずれを最小限に留めるために暦法が研究され、度々新しい暦法に基づく改暦も行われた。改暦の権限は君主の支配権のうちの重要な要素の1つと考えられ、特に中国では観象授時思想により、皇帝が「時を支配する」存在として位置づけられていた。初期の頃には平均朔望月や平均太陽年の正確な（あるいはそれに近い）数値が明らかではなかったために、混乱が生じたが、ヨーロッパの太陽暦ではユリウス暦以後、太陰太陽暦については古代ギリシアではメトン周期の発見（紀元前433年）以後、中国では遅くても秦漢統一帝国の頃には19年に7回の割合で閏月を入れるという19年7閏法が確立される事となった。中国では改暦の度にその暦法の沿革を記した「暦儀」、置閏法などの計算方法を示した「暦経」、使用数表である「立成」の3種の書物からなる暦書が編纂され、後には日本にもこうした暦書の形式で暦学・暦法が伝えられることとなる。', 'correct': 'アンティキティラ島の機械（アンティキティラとうのきかい、, ）は、アンティキティラ島近海の沈没船から発見された古代ギリシア時代の遺物で、天体運行を計算するため作られた歯車式機械であると推定されている[1][2]。', 'num_correct': 2}]"
ner_wikipedia,"[{'text': '梅丘寿司の美登利総本店は東京都で寿司店やテイクアウト寿司の事業展開を行っている企業である。', 'entities': '梅丘寿司 / 法人名\n 美登利総本店 / 法人名\n 東京都 / 地名', 'all_entities': '法人名、施設名、その他の組織名、地名、製品名、政治的組織名、人名、イベント名'}]"
ner_wikipedia,"[{'text': '2017年のグランプリ・デュッセルドルフでは決勝で渡名喜風南に横四方固で敗れるも2位になった。', 'entities': 'グランプリ・デュッセルドルフ / イベント名\n 渡名喜風南 / 人名', 'all_entities': '法人名、施設名、その他の組織名、地名、製品名、政治的組織名、人名、イベント名'}]"
ner_wikipedia,"[{'text': '1260年頃から諸都市との連携を強めていたリューベックは、ヴィスビューから覇権を奪おうと画策する。', 'entities': 'リューベック / 地名\n ヴィスビュー / 地名', 'all_entities': '法人名、施設名、その他の組織名、地名、製品名、政治的組織名、人名、イベント名'}]"
ner_wikipedia,"[{'text': '本項目は、日本女子プロ野球機構の京都フローラに所属する選手の一覧。', 'entities': '日本女子プロ野球機構 / 法人名\n 京都フローラ / その他の組織名', 'all_entities': '法人名、施設名、その他の組織名、地名、製品名、政治的組織名、人名、イベント名'}]"
ner_wikipedia,"[{'text': 'ヨルダン陸軍に所属し、即位までは戦車指揮官や空軍の対戦車ヘリコプター隊戦術教官、特殊部隊司令官などを歴任した。', 'entities': 'ヨルダン陸軍 / 政治的組織名\n 空軍 / 政治的組織名\n 対戦車ヘリコプター隊 / 政治的組織名\n 特殊部隊 / 政治的組織名', 'all_entities': '法人名、施設名、その他の組織名、地名、製品名、政治的組織名、人名、イベント名'}]"
news_commentary,"[{'en': 'By and large representative of a liberal perspective, they nonetheless recognized the importance of Islam throughout Moroccan society. As a result, they took care to frame their demands in ways that provided a measure of Islamic identity.', 'ja': 'モロッコにおけるフェミニストの先駆者達は、1956年の独立直後から活動を始めた。全般的に自由主義思想の代表者たちであったが、彼女達はそれでもなお、モロッコ社会全体におけるイスラムの重要性を認識していた。結果として、自分達の要求がイスラム的アイデンティティーの判断基準をもたらすように、用心深くまとめあげた。'}]"
news_commentary,"[{'en': 'Whether Hamas can actually be transformed into a more moderate organization is impossible to say right now. But it is clear that Hamas is now vulnerable to public opinion and, as a governing authority, will have to deal with the international response to its victory.', 'ja': 'ハマスが実際に、穏健な組織に変化を遂げられるかどうかを今、断言することは不可能である。しかし今、ハマスが世論に傷つきやすく、統治権威として彼らの勝利に対する世界からの反応に取り組まなければならないことは明白である。'}]"
news_commentary,"[{'en': 'Conditions are, if anything, even worse for laying hens crammed into wire cages so small that even if there were just one per cage, she would be unable to stretch her wings. But there are usually at least four hens per cage, and often more.', 'ja': '卵を抱く雌鶏にとっての状況は、さらに酷い。一羽ごとに入れた場合でさえ、羽を伸ばすこともできないほど小さい、ワイヤーのかごに詰め込まれている。しかし、通常はひとかごに少なくとも4羽、さらにそれ以上の雌鶏が入れられる。このように混みあった状況では、かごの中でより支配的、攻撃的な個体が、より弱いものを突付き回して殺してしまう。それを避けるために、生産者は全ての雌鶏のくちばしを、焼きゴテでやけどさせる。雌鶏のくちばしは神経組織が集まっている－なにしろ、それは彼女が周りと関わる上での基本部位なのだ–。しかし、痛みを和らげるための麻酔や鎮痛剤が使われることはない。'}]"
news_commentary,"[{'en': 'The positive correlation between income and democracy that one sees across countries could be due to reverse causation: democracy is more likely to persist as a country grows richer. It could also be due to special historical or cultural circumstances: some societies are just more successful than others, both in terms of economic development and with regard to their ability to develop and maintain democratic political institutions.', 'ja': '各国で見られる所得と民主主義との間の正の関連性は、逆の関連性 (すなわち、民主主義は国が裕福になると持続する) によってもたらされている可能性がある。また、歴史および文化的な特別な状況 (つまり、いくつかの社会が、他の社会よりも経済発展条件と、民主的政治制度を開発および維持する能力の両方に恵まれていた) によってもたらされている可能性もある。'}]"
news_commentary,"[{'en': 'A culture that allows – and even endorses – such tactics is not one that is genuinely committed to encouraging respect for life. We can be quite sure that American forces would not have acted in the same way if the civilians nearby had been other Americans.', 'ja': 'このような戦術を許す－是認さえする－文化は、生命の尊重を真に奨励するものではない。もし、近くにいたのがアメリカ市民であったとしたら、アメリカ軍が同じ行動を取らなかったであろうことは、確かである。'}]"
odex,"[{'intent': '空白で区切られたCSVファイル`file`を読み込む', 'prompt': ""def f_35394(file):\n\treturn pd.read_csv(file, sep='\\s+')"", 'entry_point': 'f_35394', 'library': 'pandas'}]"
odex,"[{'intent': 'カレントディレクトリにある特定の拡張子`.dat`をもつファイルの拡張子を`.gui`にすべて書き換える', 'prompt': ""def f_41054():\n\treturn [os.rename(f, f.replace('.dat', '.gui')) for f in os.listdir('.') if not f.startswith('.')]"", 'entry_point': 'f_41054', 'library': 'os'}]"
odex,"[{'intent': '文字列`str`から空白と改行を取り除く', 'prompt': 'def f_42011(str):\n\treturn str.strip()', 'entry_point': 'f_42011', 'library': ''}]"
odex,"[{'intent': 'ファイル`file`を上書きモードで開く', 'prompt': ""def f_37418(file):\n\treturn open(file, 'w')"", 'entry_point': 'f_37418', 'library': ''}]"
odex,"[{'intent': 'HTMLをパースしたオブジェクト`soup`からタグ`p`をすべて見つける', 'prompt': ""def f_35741(soup):\n\treturn soup.find_all('p')"", 'entry_point': 'f_35741', 'library': 'bs4'}]"
sakura_japanese,"[{'instruction': 'ソメイヨシノの名前の由来は？', 'output': '染井村で作りだされ広まっていったため'}]"
sakura_japanese,"[{'instruction': '日本に自生するサクラの野生種を一つ上げろ', 'output': 'ヤマザクラ'}]"
sakura_japanese,"[{'instruction': 'ゲームは無料と約束したが、その子の両親はすぐにアイテムのために何をすることになったか？ 高価な、捕らわれた、封じ込められた、支払った、捕まった', 'output': '支払った'}]"
sakura_japanese,"[{'instruction': '長方形の野菜畑の長さは120mで、長さは幅より（2/3）大きい、この野菜畑の幅は何mか？', 'output': 'x=120/(1+(2/3)) よって答えは 72m'}]"
sakura_japanese,"[{'instruction': 'キツネが捕まりそうな場所は？ テネシー州か、内輪ネタか、草原か、森か、イギリスか？', 'output': '草原'}]"
snow_simplified,"[{'original_ja': '彼は私に口答えした。', 'simplified_ja': '彼は私に反対した。', 'original_en': 'he gave me back talk .'}]"
snow_simplified,"[{'original_ja': '今朝はバスがとても混んでいる。', 'simplified_ja': '今朝はバスがとても混んでいる。', 'original_en': 'the bus is very crowded this morning .'}]"
snow_simplified,"[{'original_ja': 'あなたの成功を望んでいます。', 'simplified_ja': 'あなたの成功を希望しています。', 'original_en': 'i hope for your success .'}]"
snow_simplified,"[{'original_ja': '彼は決して平凡な生徒ではない。', 'simplified_ja': '彼は決して普通な学生ではない。', 'original_en': 'he is no ordinary student .'}]"
snow_simplified,"[{'original_ja': '彼女はほとんど何も食べなかった。', 'simplified_ja': '彼女はほとんど何も食べなかった。', 'original_en': 'she hardly ate anything .'}]"
syosetsu,"[{'text': '【小説タイトル】\nママのお願いごと\n【Ｎコード】\nＮ２３５２ＨＫ\n【作者名】\n小畠愛子\n【あらすじ】\nそして、ママのお願いごとは……？\n\n初めて流れ星を見たミカちゃんは、どんなお願い事をするのでし\nょうか？\n\n「あっ」\nミカちゃんが声を出したので、ママは目をぱちくりさせました。\n「どうしたの、ミカちゃん？」\n「ママ、今ね、お星さまが、ぴゅーって、落ちていったの」\nミカちゃんは空を指さして、手をふりふりします。ママはうふふ\nと笑いました。\n「そう、ミカちゃん、流れ星を見たのね」\n「ながれ、ぼし……？」\nぽかんとしているミカちゃんに、ママは教えてあげます。\n「そうよ、流れ星。お空にういているお星さまがね、落ちてくるの。\nきれいだったでしょう？」\nママは、「あら？」と声をあげました。ミカちゃんの顔が、泣き\nそうにゆがんでいたのです。ミカちゃんはママのうでにぎゅうっと\nつかまり、小声で聞きます。\n「ママ、お星さま落っこちちゃったら、いたいんじゃないの……？」\nママはほほえみ、それからミカちゃんの頭をそっとなでました。\n「大丈夫よ、痛くないわ」\n「それに、お星さまが落ちていっちゃったら、お空にお星さまがな\nくなっちゃうんじゃないの？」\n\nまだ心配そうに目をうるませているミカちゃんに、ママは「うー\nん」と考えこみ、やがてにこっとしました。\n「大丈夫、なくなっちゃったりしないわよ。だって、お星さまはお\n空に帰ることができるもの」\nミカちゃんが、くりくりっとした目を大きく開いて、ママを見あ\nげます。ママは続けました。\n「あのね、ミカちゃん。流れ星が……お星さまが落ちちゃうときは\nね、お願いごとをいうといいのよ」\n「お願いごと？」\nミカちゃんが聞き返します。ママはうなずきました。\n「そう、お願いごと。お友達をたくさんつくりたいとか、絵本をも\nっと読みたいとか、お夕飯はハンバーグがいいとか」\nママがちらっとウインクしたので、ミカちゃんもにっこりしまし\nた。お買い物で、ミカちゃんの大好きなハンバーグの材料を買って\nいたのを、ミカちゃんも知っていたのです。\n「そうやってお願いごとをするとね、お願いごとがかなったとき、\nお星さまはお空に戻ることができるのよ」\nママの言葉を聞いて、ミカちゃんは「わぁっ！」とうれしそうに\n\n……でも、さっきのお星さまには、お願いご\n\nミカ、お星さまが落ちるときは、いっぱいいっぱい\n\n飛びはねました。\n「わかった！\n\nお願いごとするね！\n\nとできなかったけど、大丈夫かなぁ？」\nまたミカちゃんの顔がくもりました。ママがいたずらっぽく笑い\nます。\n「それなら大丈夫よ、ミカちゃんの代わりに、ママがお願いごとし\nもうっ、ママのいじわる！」\n\nてたから。ミカちゃんが、にんじんも食べられますようにってね」\n「えーっ！\nぷくっとふくれっつらをするミカちゃんを、ママはにこにこしな\nがら見ていました。と、再び流れ星が落ちていきました。ママは急\nいでお願いごとをするのでした。\n――ミカちゃんが、たくさんお願いごとをかなえられますように\n――\n（後書き）\n\nお読みくださいましてありがとうございます（＾＾♪\nご意見、ご感想などお待ちしております（＊＾︳＾＊）\n\n', 'title': 'ママのお願いごと', 'keywords': '冬童話2022、流れ星、親子、幼年童話、祈り、ほっこり', 'biggenre': 'その他', 'all_biggenre': '恋愛、ファンタジー、文芸、SF、その他'}]"
syosetsu,"[{'text': '【小説タイトル】\n類友\n【Ｎコード】\nＮ１９０５ＨＢ\n【作者名】\nたかさば\n【あらすじ】\n本気になったらダメな恋愛のお話。\n\n気が付いたら、いつも居たはずのあいつが、いなくなっていた。\nほんの少し、気に入らなかったことを注意しただけなのに、あいつ\nは大げさに受け取って。\n勝手に盛大に傷ついて、俺のもとから逃げ出してしまったのだ。\n…別れを口にする事なく、あいつは去ってしまった。\n……せめて、別れの言葉くらい、かけさせてほしかった。\nさようならが、あいつに届くことを願って、文字を並べる。\nさようならが、あいつに届くはずもないのに、文字を並べる。\nいつになく、センチメンタルな気分が俺を襲う。\nあいつがいない、世界を眺める。\nあいつがいないだけなのに、世界がまるで違う。\n……あいつのいない世界は、実に平穏だ。\n俺を否定する言葉がここには微塵も見当たらない。\n俺を軽んじる言葉がここには微塵も見当たらない。\n思えば、あいつが一緒にいた世界は、実に辟易するものだった。\nあいつに貶されるたびに、俺は自分を呪った。\nあいつに罵倒されるたびに、俺は自分を蔑んだ。\nあいつが中心の、俺の日々。\n\nあいつへの気持ちを優先させた、俺の純真。\nあいつの涙に騙され続けた、俺のやさしさ。\n俺の気遣いありきの、相思相愛。\nいつだってあいつの顔色をうかがい、言葉を吐いた。\nいつだってあいつの顔色をうかがい、自分らしくない言葉を吐いた。\n……あまりにも、あいつと一緒に、いすぎて。\n俺は、いつの間にか、自分の言葉を、放り出してしまった。\n俺らしくない言葉が、あいつの喜ぶ言葉が、次々に浮かんでくる。\n……俺は、思いのほか、繊細だったらしい。\n俺の横に、憎らしいあいつがいないのが、寂しいなんて。\n俺の横で、腹立たしいことをつぶやくあいつを求めてしまうなんて。\n長く、長くあいつと共に過ごしてきた俺には、わかる。\n今頃、あいつも、寂しくてたまらないはずだ。\n今頃、あいつは、俺の胸を思い出して、枕に縋りついているはずだ。\n俺は、心が広いから。\nあいつを迎えに行こうと思っている。\nあいつを迎えに行けるのは、俺だけだ。\n年金が入ったら、探偵を雇って、あいつを必ず……見つけ出す。\n\nようやく、束縛のきつい彼氏から逃げ出すことができた。\n小さなことをいつまでもぐちぐちと攻め立てる、典型的なＡ型の彼\n氏。\n小言を聞かない日がないくらい、いつだって目ざとくこちらのミス\nを責め立てた。\n…別れたいなんて言ったら、ものすごい攻撃を食らうとわかってい\nるから。\n……何も言わずに、着拒、ブロック、アカウント削除、した。\n彼氏にかかわるすべての事から、逃げ出すと、決めたから。\n彼氏の事を、きれいさっぱり忘れて、新しい生活を手に入れると、\n決めたから。\nこんなにも、自分は優柔不断だったのかと、思う。\n彼氏がいない、世界を眺める。\n彼氏がいないだけなのに、世界がまるで違う。\n……彼氏のいない世界は、実に平穏だ。\n信じられないセンスの悪さに、カツを入れるパワーを使わずに済む。\nつまらないオヤジギャグに、いちいちかわいらしく反応しなくて済\nむ。\n\n思えば、あいつが一緒にいた世界は、実に辟易するものだった。\nちょっと突っ込むと、すぐにヘタレた事ばかり抜かすからめんどく\nさかった。\nちょっときつめにダメ出しすると、俺はもう駄目だと絶望するのが\nうざかった。\nあいつがさりげなく主導権を握っていたのが気に入らなかった。\n自分の写真は載せないくせに、こっちの写真をどんどんリクエスト\nするとか。\nこっちがえーんって泣いたらお終いの、一連の流れができているの\nが気持ち悪かった。\nはたから見たら、相思相愛の、バカあまカップルってね。\nつまんないつぶやきに、砂糖まみれのくどい返しをされて、引いて\nたんだよ。\n無下にするのもなんだと思って、絵文字で返したらさらに砂糖漬け\nになって返ってきてさ。\n……ちょっと、付き合いすぎちゃったんだよね、たぶん。\nごく普通の言葉じゃ、満足できなくなってきちまった。\n言葉のどこかに、甘い要素を求めるようになっちまった。\n……完全に、毒されてしまった。\nスッキリとした画面に、ねちっこい呟きがないのが、少し寂しい。\n\n飾らない武骨な呟きの続く画面に、ゲロ甘な文字列を求めてしまう\nとは。\n足掛け三年の、付き合いか。\n今頃、あいつも、寂しくてたまらないのかも、しれないな。\n今頃、あいつは、俺という彼女を追い求めて、ポエムでも呟いてい\nるかもしれないな。\n……だまして悪かったとは、思ってるんだけどさ。\nあいつに本当の事は、言えないな。\nあいつに本当の事がバレなくて、マジよかったわ。\nそうだ、次の部誌のネタ、「ツイ恋物語」で書いてみるかな。\nあいつのおかげで、甘いやり取りを学んだからな。\n……きっと、良いものが書けるはずだ。\nいけすかない、文芸部のＯＢどもに、見せつけてやるぜ！\n\n……見せつけた、結果。\n\nどうなったと、思う……？\n\n', 'title': '類友', 'keywords': 'ショートショート、騙し愛、恋愛もどき、逃げられない、沼、おいおい、あかん', 'biggenre': '文芸', 'all_biggenre': '恋愛、ファンタジー、文芸、SF、その他'}]"
syosetsu,"[{'text': '【小説タイトル】\n漁ると……\n【Ｎコード】\nＮ１７４８ＥＮ\n【作者名】\n湖城マコト\n【あらすじ】\n悪意を持ってゴミ漁りをした男の顛末。\n※カクヨムにも掲載しています。\n\n生活ゴミというのは個人情報の塊だ。\n住所や氏名、時には電話番号などが記された郵便物。\n購入した商品、時間帯、店舗などが記されたレシート類。\n子供がいる家庭なら、テストの答案や成績表。\n個人情報を悪用しようとする者にとって、ゴミまさに宝の山。\n\nたくわ\n\nそしてここにも、悪意を持ってゴミを漁る一人の男がいた。\n「周りには誰もいないな」\nあごひげ\n\nせいてきとうさくしゃ\n\n深夜帯。とある住宅街の一角にあるゴミ捨て場を、顎髭を蓄えた\n初老の男が漁っていた。\nさば\n\n男は元々、若い女性の出す生活ゴミに興奮を覚える性的倒錯者で\nかたわ\n\nあったが、闇のルートで売り捌けば生活ゴミから得られる情報は金\nになると知り、最近は趣味の傍ら金になりそうな情報の収集にも精\nを出していた。\n「何だこれは？」\nゴミ袋の山の中に、一際目につく真っ黒なゴミ袋を見つけた。\n市町村名が記された指定のゴミ袋では無いのでルール違反という\nことになるが、それにしても市指定のゴミ袋に混ざる真っ黒なゴミ\n袋はとても目立つ。\n「……開けてみるか」\n興味本位で男は真っ黒のゴミ袋の口を開けた。\n「黒いゴミ袋？」\n\n中には一回り小さい黒いゴミ袋が、口を縛った状態で収められて\nいた。\n縛り口にはメモ帳の切れ端らしき紙が貼りつけられており、サイ\nンペンらしき字で「開封厳禁」と書かれている。\n「バラバラ死体じゃないだろうな」\n男は冗談交じりに苦笑する。\n異臭はしないし大して重くもない。少なくとも人体の一部という\nことはないだろう。\n開けるなと言われれば開けたくなるのが人情という物。\n長年の経験故にゴミを漁ることに抵抗の無い男は、躊躇なく黒い\nゴミ袋の封を開けた。\n「中身は――」\n黒いゴミ袋に手を入れた瞬間、\n「ぎゃあああああああああ――」\n\nはばか\n\n深夜の静寂を裂く男の絶叫。\n一目を憚る行為をしているのもお構いなしに、男は涙を流しなが\nら叫び続ける。\n\nな、何だこのゴミ袋は！」\n\n黒いゴミ袋から引き抜かれた男の手は、手首から先が食い千切ら\nれていた。\n「ああああ！\n\nそしゃく\n\n男の手を噛み千切ったゴミ袋の口が咀嚼を始め、骨肉が砕ける音\n\nと共に袋の口から血が滴り落ちてくる。\n「喰ってる……ゴミ袋が俺の手を――」\n一通りの咀嚼を終えた黒いゴミ袋の口が、男の方へと向いた。\nこのままでは食い殺される。激痛と大量の出血に耐えながら、男\nは何とかその場を離れようと立ち上がったが、\n「えっ？」\nゴミ袋に背を向けた瞬間、男は戦慄した。\nどこから集まって来たのか、意志を持った大量の黒いゴミ袋達が、\n男の行く手を遮っている。\n耐え難い恐怖に後退りした瞬間、男の手を噛み千切ったゴミ袋が、\n背後から男の後頭部目掛けて噛み掛かった。\n「ぎゃああああ――」\n男の絶叫を合図に、他のゴミ袋も一斉に飛びかかり、脛を脇腹を、\n目を口を、鼻を、脳みそを、片っ端からたいらげてしまった。さな\nがらゴミ袋による肉塊の掃除である。\n\nゴミを漁るとゴミにアサルト（強襲）されてしまった。\n何とも皮肉な結末である。\nもっとも、男には皮も肉も残されてはいないが。\n\n了\n\n（後書き）\n\nですかね？\n\n深夜のテンションで執筆したせいか、些かシュールな内容に仕上が\nってしまいました。\nたまにはこういうのも有り！\n\n', 'title': '漁ると……', 'keywords': 'R15、残酷な描写あり、怪談、ゴミ漁り、生活ゴミ、個人情報、シュール、因果応報', 'biggenre': '文芸', 'all_biggenre': '恋愛、ファンタジー、文芸、SF、その他'}]"
syosetsu,"[{'text': '【小説タイトル】\nありふれた異世界転生\n【Ｎコード】\nＮ７４６１ＥＡ\n【作者名】\nｐｈａｎｔｏｍ\n【あらすじ】\nありふれた異世界転生もの。\n\n（前書き）\n\n短編です。\n時間つぶしにどうぞ。\n\n白い世界だった。\n目の前には見たこともないほどの絶世の美人！\n「ここは？」\n「あなた方の言う死後の世界、残念ながらあなたは……」\n俗に言う死後の世界らしい\n（ラノベやアニメだったら異世界転生キターと小躍りするところだ\nろうがどうやら現実みたいだ）\nこのまま消えてしまいそうで少し不安で怖くなってきたな\n「安心してください」\n！？なに？\n「あなたの思っている通りです、あなたが望むなら異世界への転位\nや転生も望み通りに。」\n（心を読まれた？異世界転生！）\n「ぜひ異世界へ行ってみたいです！」\n\nこのままなら死後の世界へ行くのなら異世界に行って好きなように\n生きたいに決まってる！\n\n異世界へ行く前に情報は欲しいな言葉は通じるのか？\n\n「言葉は通じるので心配いりませんよ。うーん異世界の情報ですか、\nあなた方の世界に比べたら文明も遅れていますし、\nあなたにとっては原始的に感じられるかも\n\n治安もあまり良いとは言えません、\n戦争や飢餓、貧富の差\nしれません。」\n\nそれでもよろしいですか？\n俺は言葉をかぶせるように言った\n「行きます！」\n「ではあなたに私からの贈り物を差し上げます。\n新たなる世界へ旅立つあなたへ祝福とスキルを与えます。」\n俺の体が白く輝きそのまま白き世界から消えていく……\n\n目を開けるとそこは田舎の風景によく似た世界だった。\n空は青く目の前には古めかしい造りの建物、\n通りすがりの人に聞いたところこの国の首都のようだった。\n\nまずは金を何とかしないとな、\n女神様からはひと月暮らせるくらいの金はもらったが、\n俺の異世界知識を使えば生きていくのには十分には手に入るだろう。\n\n人に聞き職探し専門の施設へ向かう。\n\nこんなにも職業があるのか！？\n原始的だが数多くの職種に驚いた、介護に飲食店、俺の世界では機\n械任せの職種だ。\n\nハローワークを後にした俺は大量の求人票の束を片手に面接準備を\nすることにした、\nスーツ\n\n「まずは面接用に装備を整えないとな」\n女神様からもらった祝福【普通自動車免許】\nとチートスキル【ブラック企業耐性（特大）】で\n\n「俺はこの異世界日本で幸せに好きなように生きていくぜ！」\n\n', 'title': 'ありふれた異世界転生', 'keywords': 'R15、異世界転生、日常、私小説、ほのぼの、男主人公、文フリ短編小説賞2', 'biggenre': 'ファンタジー', 'all_biggenre': '恋愛、ファンタジー、文芸、SF、その他'}]"
syosetsu,"[{'text': '【小説タイトル】\n異世界を徘徊する\n【Ｎコード】\nＮ６９５５ＧＸ\n【作者名】\n木戸\n【あらすじ】\n異世界に転移してしまったおじいちゃんが家に帰るため異世界を\n徘徊する。\n果たしておじいちゃんは家にかえれるのか？帰ったほうがいいのだ\nろうか？\nどこにでもいる、認知症を患った一人のおじいちゃんの笑いあり涙\n\nありの異世界ギャグコメディ！\n\nわしは誰だ？\n\n「あなたいつになったらお義父さんを施設にいれるの、私はもう限\n界よ。」\n「施設に入れるのだって金がかかるんだ家にそんな余裕はない、\nそれにお前は暇なんだからいいだろ、俺は仕事が忙しいんだ。」\n\n自分の息子とその妻がわしのことで喧嘩を始めた。\nわしは８０をこえたいわゆるボケ老人だ、その上体もうまく動かせ\nないので、\n周りの人にかなり迷惑をかけているし、息子の嫁もよく我慢してく\nれたと思う。\n\n情けない話だが、２年前にばあさんが死んでからわしは変わってし\nまった。\n外に出る元気もなく、それからの記憶もあまりない。\n息子たちがわしを邪魔だと思うのも頷ける。\nただそんなわしにも一つ生きがいがある、孫がいる。\n孫の成長を見届けるまでは死ぬわけにはいかない。\n\n「ただいま」\n\n孫が習い事から帰ってきた、孫はいい子だ。\nわしの身の回りの手伝いをしてくれるかけがえのない存在だ。\n息子たちの喧嘩がまだ続いている、それを見かねた孫は止めに行く\nようだ。\n\n「あなたが考えを改めてくれないなら離婚よ。」\n「離婚ってそんな大げさな」\n「やめてよ、お父さんもお母さんもみんなでおじいちゃんの介護し\nようって決めたじゃないか！」\n「ごめんね、もう我慢できないの。」\n「わかった、親父は施設にいれる、だから離婚は考えなおしてくれ\nないか。」\n「そんな簡単に決めないでよ、僕が面倒みるから二人とも考えなお\nして！」\n\n孫が泣いている、どうやら自分を施設に入れることが決まったらし\nい。\n自分の息子に邪魔者扱いされるのは、悲しいがそれよりも、\n孫と離れ離れになることのほうが悲しい。\n息子夫婦には迷惑もかけたし仕方ないと割り切るしかないだろう。\n\n泣く孫にわしは声をかけた。\n\n「わしなら大丈夫だ、、、、、、、、、、、、、、、、」\n\n「おじいちゃん？」\n\n口を開けたまま次の言葉がでてこない、孫の名前を呼ぼうと声を出\nそうとしたが続かない。\nわしは孫の名前を忘れてしまった。\n孫の名前を忘れてしまった自分に対して怒りがこみ上げる、\nそれと同時に体が熱くなっていくのを感じる。\n次の瞬間わしのなかで何かが弾けた、目の前が白く染まり意識が遠\nのいていく\n気が付いたときには、見知らぬ場所にいた。\n\n「ここはどこだ？、、、、、、、わしはだれだ？」\n\nわしは誰だ？（後書き）\n\n初投稿なので色々と変かもしれません。\n読みにくいなど、変なところを教えてもらえるとありがたいです。\nブックマーク、評価お待ちしております。\n\n', 'title': '異世界を徘徊する', 'keywords': '異世界転移、日常、ギャグ、ほのぼの、男主人公、シリアス、ハッピーエンド、グルメ、おじいちゃん、チート、主人公最強', 'biggenre': 'ファンタジー', 'all_biggenre': '恋愛、ファンタジー、文芸、SF、その他'}]"
tapaco,"[{'sentence1': 'パーティーで彼女に会えるように取り計らおう。', 'sentence2': '私はあなたがパーティーで彼女に会えるように取り計らいます。\n私はパーティーで彼女に会えるように取り計らいます。\n私があなたがパーティーで彼女に会えるように取り計らいます。\n君がパーティーで彼女に会うように取り計らう。'}]"
tapaco,"[{'sentence1': 'あの車は彼女のです。', 'sentence2': 'あれは彼の車です。\nこれは彼の車です。\nあの自動車は彼のものです。\nあれは彼女の車です。'}]"
tapaco,"[{'sentence1': '母は夕食の用意をしているところです。', 'sentence2': '母は夕飯の仕度をしている。\nママは今、晩御飯を作ってるよ。\n母さんは夕飯の支度をしてるよ。\nお母さんは今、夕食を作っている。'}]"
tapaco,"[{'sentence1': '風が強く吹いている。', 'sentence2': '風はとてもひどく吹いている。\n風がとても激しく吹いている。\n風が激しく吹いている。\n風がとてもひどく吹いている。'}]"
tapaco,"[{'sentence1': 'あなたはお疲れのようですね。', 'sentence2': '彼は疲れているようだ。\n彼女は疲れているみたいだ。\n彼は疲れているように見える。\n彼はひどく疲れた様子だった。'}]"
tempNLI,"[{'premise': 'スティーブが1ヶ月間で温度を上げた。', 'hypothesis': 'スティーブは3ヶ月間以内に温度を上げた。', 'label': 'entailment'}]"
tempNLI,"[{'premise': 'パットが2年間以内に給与を決定した。パットは2002年5月7日にその給与を決定し始めた。', 'hypothesis': 'パットは2002年5月11日までにその給与を決定し終えた。', 'label': 'neutral'}]"
tempNLI,"[{'premise': 'マレットは3時間息子を守った。', 'hypothesis': 'マレットは2時間息子を守った。', 'label': 'entailment'}]"
tempNLI,"[{'premise': 'ウォルターは1時間で多くの解散を表明した。', 'hypothesis': 'ウォルターは解散を表明するのに4時間を費やした。', 'label': 'contradiction'}]"
tempNLI,"[{'premise': 'パットが工場を継いだ。デイヴが工場を継いだ。パットがデイヴより後に工場を継いだ。', 'hypothesis': 'デイヴはパットより先に工場を継いだ。', 'label': 'entailment'}]"
tydiqa_copenlu,"[{'question_text': '宇田新太郎の出身大学は何', 'document_plaintext': '富山県下新川郡舟見町（現・入善町）出身。旧制魚津中学、広島高等師範学校を経て、一旦、長野県の旧制大町中学で教職に就くが、その後に東北帝国大学工学部電気工学科に入学。1924年に卒業後そのまま大学に奉職し、当時東北帝国大学で隆盛をみた超短波をはじめとする電磁波による電気通信の研究に従事し、宇田の主導的研究によって、八木秀次とともに八木・宇田アンテナを共同発明した。更に後年、インド国に出張し、UNESCO Expert\u3000として、インド国立物理研究所電子部長（1955年 4月 1日－1958年 3月 31日）を勤めた。その間日本製通信機器を使用して、熱帯地方に於けるマイクロ波通信回線に関する多くの基礎的データの蓄積に貢献した。昭和7年（第22回）日本学士院賞受賞。1966年、勲二等瑞宝章受章。 工学博士。死亡叙勲、勲二等旭日重光章。', 'annotations': '東北帝国大学'}]"
tydiqa_copenlu,"[{'question_text': 'アメリカ南北戦争が続いた期間は？', 'document_plaintext': '南北戦争（なんぼくせんそう、English: American Civil War）は、1861年から1865年にかけて、アメリカ合衆国の北部諸州とアメリカ連合国を称した南部諸州との間で行われた内戦である。奴隷制存続を主張するアメリカ南部諸州のうち11州が合衆国を脱退、アメリカ連合国を結成し、合衆国にとどまった北部23州との間で戦争となった。この戦争では史上初めて近代的な機械技術が主戦力として投入された。', 'annotations': '1861年から1865年'}]"
tydiqa_copenlu,"[{'question_text': '生態学とはどのような学問ですか？', 'document_plaintext': '生態学（せいたいがく、English: ecology）は、生物と環境の間の相互作用を扱う学問分野である。', 'annotations': '生物と環境の間の相互作用を扱う学問'}]"
tydiqa_copenlu,"[{'question_text': '仮名はいつ創られた', 'document_plaintext': '正倉院所蔵の奈良時代の公文書のなかには、本来「多」と書くところを「夕」、「牟」と書くのを「ム」と書くというように、漢字の一部を使ってその字の代わりとした表記が見られ、また現在の平仮名「つ」に似た文字が記されたりもしている。この「つ」に似た文字は漢字の「州」を字源にしているといわれるが、このように漢字の一部などを使って文字を表すことは、のちの平仮名・片仮名の誕生に繋がるものといえる。', 'annotations': '奈良時代'}]"
tydiqa_copenlu,"[{'question_text': 'マスキュレアー2の重量は？', 'document_plaintext': '全長：6.0m\n翼幅：19.5m\n胴体高さ：1.5m\n主翼面積：11.7m2\nアスペクト比：32.5\n主翼翼型：FX76MP改(改修はディーター・アルトハウスによる)\n機体重量：25kg\n全備重量：78kg\n翼面荷重：65.4N/m2\n最低速度：10m/s\n最小必要出力：250W(10m/s時)\n最大必要出力：315W(12m/s時)\n最小沈下速度：0.27m/s\n最大滑空比：37\nプロペラ直径：2.68m', 'annotations': '25kg'}]"
wiki_atomic_edits_deletions,"[{'base_sentence': ';マスク、植木鉢など:Aボタンで拾って使う.', 'phrase': 'Aボタンで', 'edited_sentence': ';マスク、植木鉢など:拾って使う.'}]"
wiki_atomic_edits_deletions,"[{'base_sentence': 'また、前年の「愛の休日」の大ヒットの影響で、二匹目のドジョウ的にフランスのシンガーであるアラン・シャンフォーが「第2のポルナレフ」のキャッチフレーズで日本デビューを果たした.', 'phrase': 'アラン・シャンフォー', 'edited_sentence': 'また、前年の「愛の休日」の大ヒットの影響で、二匹目のドジョウ的にフランスのシンガーであるが「第2のポルナレフ」のキャッチフレーズで日本デビューを果たした.'}]"
wiki_atomic_edits_deletions,"[{'base_sentence': 'と叫びながらスリップし、時間を止めたこともある.:連載初期およびアニメ版第1作では、タイムくんはアラレを除く千兵衛の発明品の中でよく顔を見せている.', 'phrase': 'アラレを除く', 'edited_sentence': 'と叫びながらスリップし、時間を止めたこともある.:連載初期およびアニメ版第1作では、タイムくんは千兵衛の発明品の中でよく顔を見せている.'}]"
wiki_atomic_edits_deletions,"[{'base_sentence': 'ブウ(純粋)戦でベジータが蘇った地球人達に元気玉への協力を申し出た際には、「らしくない真似をしやがる」と言いつつも笑みを浮かべて応えた.', 'phrase': '、', 'edited_sentence': 'ブウ(純粋)戦でベジータが蘇った地球人達に元気玉への協力を申し出た際には「らしくない真似をしやがる」と言いつつも笑みを浮かべて応えた.'}]"
wiki_atomic_edits_deletions,"[{'base_sentence': '建仁2年(1202年)正三位に叙せられ、7月22日に従二位に叙せられ、征夷大将軍宣下.', 'phrase': '正三位に叙せられ、7月22日に従二位に叙せられ、', 'edited_sentence': '建仁2年(1202年)征夷大将軍宣下.'}]"
wiki_atomic_edits_insertions,"[{'base_sentence': 'また2006年8月の第13回大会は、初の東京決戦となる後楽園ホールで決勝戦を開催.', 'phrase': 'し、以降東京でも定期的に開かれる', 'edited_sentence': 'また2006年8月の第13回大会は、初の東京決戦となる後楽園ホールで決勝戦を開催し、以降東京でも定期的に開かれる.'}]"
wiki_atomic_edits_insertions,"[{'base_sentence': ""By12:20,thefirehadspreadtoStGeorge'sHall,abanquetinghallandthelargestoftheStateApartments."", 'phrase': '年', 'edited_sentence': ""By12:20年,thefirehadspreadtoStGeorge'sHall,abanquetinghallandthelargestoftheStateApartments.""}]"
wiki_atomic_edits_insertions,"[{'base_sentence': '天理教が経営する学校法人天理大学の傘下にある.', 'phrase': '附属高等学校', 'edited_sentence': '天理教が経営する学校法人天理大学の傘下にある附属高等学校.'}]"
wiki_atomic_edits_insertions,"[{'base_sentence': '簡易保険(かんいほけん)とは、郵便局で取り扱っている、日本郵政公社が運営する生命保険.', 'phrase': '日本の', 'edited_sentence': '簡易保険(かんいほけん)とは、日本の郵便局で取り扱っている、日本郵政公社が運営する生命保険.'}]"
wiki_atomic_edits_insertions,"[{'base_sentence': 'また、「宮大工」でつちかった木工技術による、複雑なからくり仕掛けも持ち味である.', 'phrase': '高度な', 'edited_sentence': 'また、「宮大工」でつちかった高度な木工技術による、複雑なからくり仕掛けも持ち味である.'}]"
xor_tydi_qa,"[{'question': '公認会計士が日本で職業となったのはいつから', 'answers': '1700s'}]"
xor_tydi_qa,"[{'question': 'モビー・グレープはいつ解散した', 'answers': '2001'}]"
xor_tydi_qa,"[{'question': 'ユーラシア大陸とは世界で一番大きい大陸ですか？', 'answers': 'Yes'}]"
xor_tydi_qa,"[{'question': '『Cooking with Dog』を配信しているのは個人？', 'answers': 'Yes'}]"
xor_tydi_qa,"[{'question': '中華人民共和国の面積は？', 'answers': '9,634,057km²'}]"
